Yaw,Pitch,Roll,AX,AY,AZ,GX,GY,GZ
-156.46,154.57,-92.57,3593,-7525,-362,-2,0,-1
-156.47,154.56,-92.60,3589,-7525,-374,-1,0,-1
-156.50,154.57,-92.62,3589,-7527,-385,-1,-1,0
-156.52,154.57,-92.65,3580,-7538,-397,-1,-1,0
-156.53,154.57,-92.66,3584,-7534,-401,-1,-1,-1
-156.54,154.57,-92.67,3589,-7543,-393,-1,-1,0
-156.55,154.58,-92.68,3586,-7541,-384,-1,0,0
-156.57,154.59,-92.69,3583,-7545,-394,-1,0,0
-156.56,154.58,-92.69,3586,-7553,-399,0,0,-1
-156.57,154.59,-92.69,3582,-7540,-386,0,-1,0
-156.58,154.60,-92.70,3574,-7539,-368,0,-1,0
-156.58,154.60,-92.70,3577,-7541,-358,0,-1,0
-156.59,154.60,-92.70,3584,-7533,-360,-1,0,0
-156.61,154.61,-92.72,3579,-7536,-358,-1,0,0
-156.62,154.60,-92.74,3585,-7536,-372,-1,0,-1
-156.62,154.59,-92.76,3591,-7538,-386,-1,0,-1
-156.63,154.59,-92.78,3603,-7534,-385,-1,0,0
-156.65,154.59,-92.80,3597,-7533,-397,-1,-1,0
-156.68,154.60,-92.82,3585,-7537,-404,-1,-1,0
-156.69,154.60,-92.84,3580,-7533,-408,-1,0,-1
-156.69,154.60,-92.84,3584,-7527,-405,-1,0,0
-156.71,154.61,-92.86,3585,-7527,-404,-1,-1,0
-156.72,154.61,-92.87,3586,-7523,-401,-1,-1,0
-156.73,154.61,-92.88,3588,-7534,-405,-1,-1,-1
-156.73,154.61,-92.89,3587,-7535,-412,-1,0,-1
-156.74,154.61,-92.90,3577,-7544,-420,-1,0,0
-156.76,154.62,-92.90,3566,-7540,-418,-1,0,0
-156.77,154.62,-92.91,3558,-7541,-418,0,-1,0
-156.76,154.62,-92.91,3566,-7541,-410,0,-1,-1
-156.75,154.62,-92.90,3575,-7542,-398,0,-1,-1
-156.76,154.62,-92.91,3580,-7539,-405,0,-1,0
-156.78,154.63,-92.91,3580,-7535,-395,-1,-1,0
-156.78,154.63,-92.92,3579,-7530,-395,-1,0,-1
-156.78,154.62,-92.93,3580,-7530,-391,-1,0,-1
-156.78,154.62,-92.94,3585,-7535,-398,-1,0,-1
-156.79,154.62,-92.94,3589,-7538,-403,-1,0,0
-156.80,154.62,-92.95,3583,-7534,-418,0,-1,0
-156.80,154.63,-92.96,3578,-7526,-425,0,-1,0
-156.82,154.63,-92.97,3580,-7522,-408,-1,-1,0
-156.83,154.63,-92.98,3587,-7529,-423,-1,-1,0
-156.85,154.64,-93.00,3582,-7528,-428,-1,0,-1
-156.84,154.63,-93.01,3578,-7537,-427,-1,0,-1
-156.84,154.63,-93.01,3576,-7541,-422,-1,0,-1
-156.85,154.63,-93.01,3569,-7541,-419,0,-1,0
-156.86,154.64,-93.01,3562,-7535,-414,0,-1,0
-156.85,154.64,-93.01,3568,-7530,-411,0,-1,-1
-156.86,154.64,-93.02,3580,-7536,-412,-1,0,-1
-156.85,154.63,-93.02,3586,-7538,-408,-1,0,-1
-156.87,154.64,-93.03,3578,-7536,-416,-1,0,0
-156.88,154.64,-93.03,3564,-7538,-427,-1,0,0
-156.88,154.64,-93.04,3566,-7535,-435,-1,-1,-1
-156.88,154.64,-93.05,3578,-7537,-431,0,-1,-1
-156.87,154.63,-93.04,3590,-7538,-420,0,-1,0
-156.88,154.64,-93.04,3583,-7525,-422,0,-1,0
-156.89,154.65,-93.05,3564,-7516,-416,-1,-1,0
-156.90,154.65,-93.06,3572,-7520,-413,-1,-1,-1
-156.90,154.65,-93.07,3572,-7532,-413,-1,0,-1
-156.91,154.64,-93.09,3578,-7541,-421,-1,0,0
-156.92,154.65,-93.09,3573,-7545,-430,-1,0,0
-156.92,154.64,-93.09,3569,-7541,-441,0,-1,-1
-156.91,154.64,-93.09,3575,-7541,-435,0,-1,-1
-156.91,154.64,-93.09,3585,-7543,-432,0,-1,0
-156.92,154.65,-93.09,3581,-7531,-423,0,-1,0
-156.94,154.67,-93.10,3568,-7531,-417,-1,-1,0
-156.95,154.67,-93.11,3561,-7530,-428,-1,0,-1
-156.94,154.65,-93.11,3572,-7540,-431,-1,0,-1
-156.93,154.64,-93.11,3581,-7541,-435,-1,0,-1
-156.94,154.64,-93.12,3590,-7533,-447,-1,0,0
-156.95,154.65,-93.12,3581,-7536,-437,0,-1,0
-156.95,154.65,-93.13,3586,-7542,-448,0,-1,0
-156.95,154.65,-93.13,3587,-7537,-429,0,-1,0
-156.97,154.67,-93.14,3580,-7538,-429,-1,-1,0
-156.98,154.67,-93.14,3576,-7536,-429,-1,0,-1
-156.97,154.66,-93.15,3567,-7545,-437,-1,0,-1
-156.97,154.65,-93.15,3575,-7546,-444,0,0,-1
-156.97,154.65,-93.15,3574,-7541,-445,0,-1,0
-156.99,154.67,-93.16,3578,-7533,-453,0,-1,0
-156.99,154.67,-93.16,3579,-7538,-432,0,-1,0
-157.00,154.67,-93.16,3579,-7537,-437,0,-1,0
-157.01,154.67,-93.18,3567,-7534,-444,-1,0,-1
-157.01,154.67,-93.18,3576,-7534,-452,-1,0,-1
-157.00,154.66,-93.18,3581,-7532,-447,-1,0,-1
-157.01,154.66,-93.19,3580,-7531,-446,-1,-1,-1
-157.01,154.66,-93.20,3575,-7538,-454,0,-1,-1
-157.01,154.66,-93.20,3580,-7541,-448,0,-1,0
-157.03,154.67,-93.20,3580,-7537,-434,0,-1,0
-157.03,154.67,-93.21,3574,-7538,-437,-1,0,-1
-157.02,154.66,-93.21,3576,-7541,-450,0,0,-1
-157.01,154.66,-93.20,3589,-7538,-452,0,0,0
-157.02,154.66,-93.21,3580,-7527,-449,-1,-1,0
-157.03,154.66,-93.22,3576,-7531,-448,0,-1,0
-157.03,154.66,-93.22,3576,-7536,-450,0,0,-1
-157.02,154.65,-93.22,3576,-7536,-444,-1,0,-1
-157.02,154.65,-93.23,3576,-7547,-460,-1,0,0
-157.02,154.65,-93.22,3568,-7540,-464,-1,0,-1
-157.03,154.65,-93.24,3564,-7549,-464,0,-1,-1
-157.02,154.65,-93.22,3574,-7541,-453,0,-1,-1
-157.02,154.65,-93.22,3580,-7536,-450,0,-1,0
-157.02,154.65,-93.22,3573,-7537,-442,0,0,-1
-157.01,154.64,-93.22,3570,-7536,-433,0,0,-1
-156.99,154.64,-93.21,3576,-7541,-434,-1,0,-1
-156.98,154.62,-93.21,3593,-7542,-441,0,0,-1
-156.98,154.62,-93.21,3590,-7538,-450,0,-1,0
-156.99,154.63,-93.21,3577,-7536,-453,0,-1,0
-156.99,154.62,-93.22,3586,-7527,-455,0,-1,-1
-156.98,154.62,-93.22,3590,-7527,-434,0,-1,0
-156.99,154.62,-93.22,3588,-7526,-433,-1,0,0
-156.99,154.62,-93.23,3584,-7529,-442,-1,0,-1
-156.99,154.61,-93.23,3581,-7538,-448,-1,0,-1
-156.98,154.60,-93.23,3583,-7545,-455,0,0,-1
-156.97,154.59,-93.23,3592,-7543,-451,0,-1,0
-156.98,154.61,-93.22,3586,-7534,-441,0,-1,0
-156.98,154.62,-93.23,3582,-7533,-441,0,-1,0
-156.99,154.61,-93.23,3580,-7530,-437,0,-1,-1
-156.97,154.61,-93.22,3584,-7530,-423,-1,0,-1
-156.98,154.60,-93.23,3582,-7529,-428,-1,0,-1
-156.98,154.60,-93.23,3581,-7531,-441,-1,0,-1
-156.97,154.59,-93.23,3577,-7529,-453,-1,0,-1
-156.97,154.59,-93.23,3582,-7535,-446,0,-1,-1
-156.98,154.60,-93.24,3583,-7542,-456,0,-1,0
-156.98,154.60,-93.24,3582,-7535,-444,0,-1,0
-156.98,154.60,-93.24,3579,-7525,-442,0,-1,0
-156.98,154.60,-93.24,3583,-7531,-445,-1,-1,-1
-156.97,154.59,-93.24,3592,-7528,-453,0,0,-1
-156.96,154.58,-93.24,3580,-7538,-446,-1,0,-1
-156.97,154.58,-93.25,3577,-7540,-453,-1,0,-1
-156.98,154.59,-93.25,3573,-7538,-442,0,-1,0
-156.99,154.59,-93.25,3573,-7538,-443,0,-1,0
-156.98,154.59,-93.25,3582,-7535,-452,0,0,-1
-156.97,154.58,-93.25,3591,-7531,-447,0,-1,-1
-156.97,154.58,-93.25,3593,-7531,-448,-1,0,-1
-156.96,154.57,-93.25,3593,-7533,-442,-1,0,0
-156.97,154.58,-93.25,3589,-7521,-442,0,0,0
-156.98,154.58,-93.26,3576,-7525,-434,-1,-1,-1
-156.97,154.57,-93.26,3584,-7534,-447,0,0,-1
-156.95,154.56,-93.25,3594,-7532,-435,0,0,-1
-156.94,154.56,-93.24,3597,-7520,-430,0,0,0
-156.95,154.57,-93.24,3587,-7510,-433,0,-1,0
-156.96,154.57,-93.25,3585,-7517,-443,0,-1,-1
-156.96,154.57,-93.26,3586,-7526,-440,-1,0,-1
-156.96,154.56,-93.26,3596,-7533,-449,-1,0,-1
-156.96,154.55,-93.27,3591,-7530,-461,-1,0,0
-156.96,154.55,-93.28,3585,-7529,-466,0,0,-1
-156.96,154.54,-93.28,3588,-7522,-473,0,-1,-1
-156.95,154.54,-93.27,3591,-7531,-458,0,-1,-1
-156.96,154.55,-93.27,3592,-7535,-450,0,-1,0
-156.96,154.55,-93.28,3590,-7529,-458,-1,0,0
-156.96,154.55,-93.28,3584,-7525,-456,-1,0,-1
-156.96,154.54,-93.29,3587,-7524,-461,-1,0,-1
-156.95,154.53,-93.29,3593,-7523,-459,-1,0,-1
-156.94,154.53,-93.29,3599,-7525,-456,0,0,-1
-156.94,154.52,-93.29,3597,-7521,-458,0,-1,0
-156.95,154.53,-93.30,3595,-7519,-455,0,-1,0
-156.95,154.53,-93.30,3596,-7516,-447,-1,-1,-1
-156.95,154.52,-93.30,3597,-7522,-451,-1,0,-1
-156.95,154.52,-93.30,3592,-7523,-455,-1,0,-1
-156.95,154.52,-93.31,3585,-7523,-460,-1,0,-1
-156.95,154.51,-93.31,3583,-7531,-468,0,0,-1
-156.95,154.51,-93.31,3587,-7527,-454,0,-1,0
-156.95,154.52,-93.31,3584,-7521,-462,0,-1,-1
-156.94,154.52,-93.30,3589,-7519,-455,0,-1,-1
-156.95,154.52,-93.31,3595,-7527,-457,-1,-1,-1
-156.95,154.52,-93.31,3604,-7528,-453,-1,0,-1
-156.95,154.51,-93.32,3602,-7522,-457,-1,0,-1
-156.95,154.50,-93.33,3600,-7524,-457,-1,0,-1
-156.95,154.50,-93.33,3602,-7529,-468,-1,0,-1
-156.94,154.49,-93.34,3607,-7522,-461,0,-1,0
-156.95,154.49,-93.34,3599,-7524,-459,0,-1,0
-156.95,154.50,-93.34,3591,-7520,-463,0,-1,0
-156.95,154.49,-93.34,3589,-7528,-464,0,-1,-1
-156.95,154.49,-93.34,3600,-7525,-460,-1,0,-1
-156.95,154.49,-93.35,3601,-7525,-472,-1,0,0
-156.95,154.49,-93.35,3595,-7518,-475,-1,0,-1
-156.95,154.48,-93.35,3596,-7523,-469,0,-1,-1
-156.95,154.48,-93.36,3598,-7528,-464,0,-1,-1
-156.95,154.48,-93.36,3600,-7524,-468,0,0,0
-156.95,154.48,-93.36,3596,-7527,-454,0,-1,0
-156.96,154.49,-93.37,3592,-7520,-454,-1,-1,-1
-156.95,154.47,-93.37,3598,-7526,-461,-1,0,-1
-156.94,154.47,-93.37,3597,-7530,-463,0,0,-1
-156.95,154.47,-93.37,3601,-7520,-470,0,0,0
-156.95,154.47,-93.37,3599,-7513,-470,0,-1,0
-156.96,154.48,-93.38,3593,-7516,-473,-1,-1,-1
-156.96,154.47,-93.39,3606,-7521,-473,-1,0,-1
-156.96,154.47,-93.39,3601,-7531,-464,-1,0,-1
-156.97,154.47,-93.39,3592,-7526,-471,-1,0,0
-156.97,154.47,-93.40,3580,-7519,-479,0,-1,-1
-156.97,154.47,-93.40,3586,-7520,-476,0,-1,-1
-156.96,154.46,-93.40,3599,-7519,-476,0,-1,-1
-156.96,154.46,-93.40,3605,-7527,-473,0,-1,0
-156.97,154.47,-93.40,3597,-7517,-461,-1,0,0
-156.97,154.48,-93.40,3586,-7513,-462,-1,0,-1
-156.97,154.47,-93.41,3593,-7515,-459,-1,0,-1
-156.96,154.45,-93.41,3602,-7528,-475,0,0,-1
-156.95,154.44,-93.41,3601,-7519,-476,-1,0,0
-156.97,154.45,-93.42,3593,-7520,-482,-1,-1,0
-156.97,154.45,-93.43,3590,-7517,-486,0,-1,-1
-156.97,154.45,-93.42,3603,-7525,-479,0,-1,-1
-156.96,154.45,-93.42,3608,-7515,-469,0,-1,-1
-156.96,154.44,-93.43,3611,-7520,-471,-1,0,0
-156.97,154.44,-93.43,3609,-7516,-487,-1,0,0
-156.98,154.44,-93.45,3603,-7515,-481,-1,0,-1
-156.98,154.44,-93.45,3597,-7521,-480,0,-1,-1
-156.97,154.44,-93.44,3601,-7517,-481,0,-1,0
-156.97,154.44,-93.45,3609,-7512,-470,0,-1,0
-156.99,154.45,-93.46,3607,-7522,-460,-1,-1,0
-157.00,154.45,-93.47,3604,-7516,-460,-1,0,-1
-156.99,154.44,-93.47,3597,-7513,-464,-1,0,-1
-156.99,154.44,-93.48,3601,-7515,-465,-1,0,-1
-157.00,154.44,-93.49,3609,-7525,-481,-1,0,-1
-156.99,154.43,-93.48,3606,-7517,-476,0,0,0
-157.00,154.43,-93.49,3604,-7519,-478,0,-1,0
-157.01,154.44,-93.50,3602,-7520,-481,0,-1,0
-157.01,154.44,-93.50,3606,-7520,-482,-1,-1,0
-157.03,154.45,-93.51,3603,-7523,-486,-1,0,-1
-157.02,154.44,-93.51,3601,-7524,-490,-1,0,-1
-157.03,154.44,-93.53,3603,-7527,-499,-1,-1,-1
-157.04,154.44,-93.54,3600,-7523,-497,-1,-1,-1
-157.04,154.44,-93.54,3606,-7523,-497,-1,-1,0
-157.06,154.45,-93.56,3603,-7523,-491,-1,-1,0
-157.07,154.45,-93.57,3603,-7519,-495,-1,-1,0
-157.08,154.45,-93.58,3602,-7521,-497,-1,0,-1
-157.08,154.44,-93.59,3597,-7529,-483,-1,0,-1
-157.08,154.44,-93.59,3602,-7533,-496,-1,0,-1
-157.09,154.45,-93.60,3601,-7518,-504,0,-1,0
-157.09,154.45,-93.60,3601,-7519,-495,0,-1,0
-157.10,154.45,-93.61,3599,-7510,-490,0,-1,0
-157.11,154.46,-93.62,3599,-7519,-487,-1,-1,-1
-157.11,154.45,-93.62,3600,-7519,-486,-1,0,0
-157.13,154.46,-93.63,3593,-7515,-507,-1,0,0
-157.13,154.46,-93.64,3586,-7511,-514,-1,0,-1
-157.13,154.45,-93.64,3595,-7514,-508,0,-1,-1
-157.13,154.45,-93.64,3600,-7525,-504,0,-1,0
-157.13,154.46,-93.64,3596,-7517,-500,0,-1,0
-157.14,154.46,-93.64,3595,-7511,-504,0,-1,0
-157.14,154.46,-93.65,3594,-7517,-494,-1,-1,-1
-157.14,154.46,-93.65,3595,-7517,-495,0,0,-1
-157.13,154.45,-93.65,3600,-7531,-500,-1,0,-1
-157.13,154.45,-93.65,3602,-7534,-503,-1,0,-1
-157.14,154.46,-93.66,3602,-7531,-501,0,-1,0
-157.15,154.46,-93.67,3591,-7525,-503,0,-1,0
-157.15,154.46,-93.66,3593,-7519,-498,0,-1,-1
-157.15,154.46,-93.66,3598,-7523,-492,-1,-1,-1
-157.15,154.46,-93.67,3603,-7530,-493,-1,0,0
-157.15,154.46,-93.67,3602,-7528,-494,-1,0,0
-157.16,154.46,-93.67,3593,-7524,-502,-1,0,-1
-157.16,154.46,-93.68,3592,-7520,-506,0,-1,-1
-157.16,154.46,-93.67,3597,-7518,-507,0,-1,0
-157.16,154.47,-93.67,3598,-7517,-501,0,-1,0
-157.18,154.48,-93.68,3597,-7524,-506,-1,-1,0
-157.18,154.47,-93.69,3591,-7521,-510,-1,0,-1
-157.17,154.46,-93.69,3597,-7519,-507,-1,0,-1
-157.16,154.45,-93.69,3604,-7520,-520,-1,0,-1
-157.17,154.45,-93.70,3601,-7519,-514,-1,-1,0
-157.18,154.46,-93.70,3603,-7521,-522,0,-1,0
-157.19,154.46,-93.71,3597,-7522,-517,0,-1,-1
-157.18,154.46,-93.71,3599,-7529,-523,0,0,-1
-157.16,154.45,-93.70,3606,-7522,-523,0,0,-1
-157.16,154.44,-93.70,3612,-7523,-524,0,0,0
-157.16,154.45,-93.69,3613,-7519,-518,0,0,0
-157.17,154.45,-93.70,3604,-7521,-516,0,-1,0
-157.17,154.45,-93.70,3607,-7518,-514,0,-1,0
-157.17,154.45,-93.70,3604,-7513,-513,0,0,-1
-157.15,154.44,-93.69,3612,-7514,-513,0,0,-1
-157.16,154.44,-93.70,3613,-7508,-503,-1,0,0
-157.17,154.45,-93.71,3604,-7521,-516,-1,-1,0
-157.18,154.44,-93.72,3600,-7524,-519,0,0,-1
-157.16,154.44,-93.71,3604,-7518,-511,0,-1,0
-157.17,154.45,-93.72,3603,-7513,-508,0,-1,0
-157.18,154.45,-93.72,3603,-7511,-503,0,-1,0
-157.18,154.45,-93.72,3606,-7512,-506,-1,-1,0
-157.18,154.45,-93.73,3604,-7511,-503,-1,0,-1
-157.19,154.45,-93.74,3604,-7524,-520,-1,0,0
-157.20,154.45,-93.74,3592,-7522,-525,-1,0,-1
-157.19,154.44,-93.75,3600,-7517,-526,0,0,-1
-157.19,154.44,-93.75,3604,-7525,-521,0,-1,-1
-157.19,154.44,-93.74,3603,-7525,-518,0,-1,0
-157.20,154.45,-93.74,3604,-7524,-512,0,-1,0
-157.21,154.46,-93.75,3597,-7520,-512,0,-1,0
-157.21,154.46,-93.76,3601,-7516,-510,-1,-1,-1
-157.21,154.45,-93.76,3602,-7527,-516,-1,0,-1
-157.19,154.44,-93.75,3606,-7525,-515,-1,0,-1
-157.20,154.44,-93.76,3605,-7531,-519,0,0,0
-157.21,154.45,-93.76,3600,-7517,-524,0,-1,0
-157.21,154.45,-93.76,3596,-7516,-522,0,-1,-1
-157.20,154.45,-93.76,3599,-7519,-525,0,-1,-1
-157.20,154.45,-93.75,3599,-7520,-515,-1,-1,0
-157.21,154.45,-93.76,3600,-7522,-516,-1,0,0
-157.21,154.45,-93.75,3594,-7521,-517,-1,0,-1
-157.20,154.44,-93.76,3600,-7525,-522,0,0,-1
-157.20,154.45,-93.75,3607,-7520,-514,0,-1,0
-157.21,154.45,-93.75,3602,-7523,-523,0,-1,0
-157.20,154.46,-93.75,3602,-7515,-514,0,0,-1
-157.20,154.46,-93.75,3608,-7509,-503,-1,-1,-1
-157.20,154.45,-93.75,3610,-7515,-502,-1,0,-1
-157.20,154.44,-93.75,3610,-7518,-511,-1,0,-1
-157.20,154.44,-93.76,3605,-7521,-510,-1,0,-1
-157.20,154.44,-93.76,3604,-7513,-522,0,-1,0
-157.21,154.45,-93.77,3608,-7520,-525,0,-1,0
-157.22,154.45,-93.78,3602,-7526,-531,0,-1,0
-157.22,154.45,-93.78,3607,-7523,-528,-1,-1,0
-157.23,154.46,-93.78,3604,-7512,-524,0,0,0
-157.22,154.45,-93.79,3595,-7516,-523,-1,0,-1
-157.23,154.45,-93.79,3604,-7514,-525,0,0,-1
-157.22,154.44,-93.79,3601,-7526,-511,-1,-1,0
-157.24,154.46,-93.79,3601,-7527,-520,0,-1,0
-157.24,154.46,-93.79,3598,-7522,-522,0,-1,0
-157.24,154.46,-93.79,3599,-7523,-523,0,-1,-1
-157.23,154.45,-93.79,3604,-7517,-524,0,0,-1
-157.22,154.45,-93.79,3610,-7514,-513,0,0,0
-157.23,154.45,-93.79,3602,-7515,-514,0,0,0
-157.23,154.45,-93.79,3592,-7517,-523,-1,0,-1
-157.23,154.45,-93.79,3601,-7517,-524,0,0,-1
-157.23,154.45,-93.79,3603,-7511,-527,0,-1,0
-157.24,154.46,-93.80,3603,-7505,-522,0,-1,0
-157.25,154.46,-93.80,3593,-7504,-517,0,-1,-1
-157.24,154.46,-93.80,3597,-7511,-513,0,0,-1
-157.24,154.45,-93.80,3615,-7518,-514,-1,0,-1
-157.24,154.45,-93.81,3610,-7523,-514,-1,0,0
-157.26,154.46,-93.81,3598,-7516,-526,-1,0,0
-157.26,154.46,-93.82,3594,-7519,-543,0,-1,-1
-157.26,154.45,-93.82,3603,-7519,-525,0,-1,-1
-157.25,154.45,-93.82,3615,-7527,-517,0,-1,0
-157.26,154.46,-93.82,3606,-7528,-523,0,-1,0
-157.26,154.47,-93.82,3595,-7514,-524,0,-1,0
-157.26,154.46,-93.82,3595,-7506,-519,0,-1,-1
-157.25,154.45,-93.83,3604,-7517,-518,-1,0,-1
-157.24,154.44,-93.82,3609,-7524,-509,-1,0,-1
-157.25,154.45,-93.83,3615,-7529,-521,-1,0,0
-157.25,154.45,-93.83,3603,-7518,-521,0,0,0
-157.26,154.45,-93.84,3587,-7520,-533,0,-1,-1
-157.26,154.44,-93.84,3596,-7518,-527,0,0,-1
-157.25,154.44,-93.84,3611,-7518,-523,0,0,-1
-157.25,154.44,-93.84,3613,-7525,-527,-1,0,0
-157.26,154.44,-93.84,3596,-7528,-536,0,0,-1
-157.26,154.44,-93.84,3596,-7530,-545,0,0,-1
-157.24,154.43,-93.84,3594,-7524,-542,0,-1,-1
-157.24,154.43,-93.84,3603,-7522,-532,0,-1,-1
-157.24,154.43,-93.83,3604,-7514,-521,0,-1,0
-157.24,154.43,-93.83,3599,-7514,-516,0,-1,-1
-157.24,154.43,-93.84,3598,-7515,-521,-1,0,-1
-157.23,154.42,-93.84,3599,-7518,-520,-1,0,-1
-157.23,154.41,-93.84,3605,-7519,-529,-1,0,-1
-157.22,154.40,-93.85,3616,-7518,-537,-1,0,-1
-157.22,154.40,-93.85,3614,-7519,-540,0,-1,-1
-157.23,154.40,-93.85,3611,-7515,-529,0,-1,0
-157.22,154.40,-93.85,3615,-7513,-526,0,-1,0
-157.23,154.41,-93.86,3609,-7514,-531,0,0,0
-157.23,154.40,-93.86,3612,-7516,-534,-1,0,-1
-157.24,154.40,-93.87,3611,-7515,-545,-1,0,-1
-157.23,154.39,-93.87,3612,-7512,-540,-1,0,-1
-157.23,154.39,-93.87,3613,-7513,-538,0,-1,-1
-157.23,154.39,-93.87,3608,-7512,-539,0,-1,-1
-157.23,154.39,-93.87,3604,-7512,-538,0,-1,-1
-157.24,154.39,-93.88,3614,-7512,-531,0,-1,0
-157.24,154.39,-93.88,3613,-7511,-532,0,0,0
-157.23,154.39,-93.88,3607,-7505,-530,-1,0,-1
-157.23,154.38,-93.89,3606,-7507,-532,-1,0,-1
-157.22,154.37,-93.88,3616,-7517,-533,0,0,-1
-157.22,154.37,-93.88,3617,-7510,-531,0,0,0
-157.22,154.38,-93.88,3614,-7500,-531,0,-1,0
-157.22,154.38,-93.88,3609,-7502,-525,0,-1,-1
-157.22,154.38,-93.88,3612,-7511,-522,0,0,-1
-157.21,154.37,-93.88,3619,-7515,-521,-1,0,-1
-157.21,154.36,-93.88,3619,-7523,-540,-1,0,-1
-157.22,154.36,-93.89,3601,-7513,-545,-1,0,0
-157.21,154.36,-93.89,3600,-7513,-546,0,-1,-1
-157.20,154.35,-93.88,3612,-7513,-532,0,-1,-1
-157.19,154.35,-93.87,3627,-7512,-522,0,-1,0
-157.19,154.36,-93.87,3621,-7512,-524,0,-1,0
-157.20,154.37,-93.87,3612,-7519,-516,0,0,0
-157.20,154.36,-93.87,3608,-7512,-514,-1,0,-1
-157.20,154.36,-93.88,3605,-7511,-521,-1,0,-1
-157.19,154.35,-93.88,3609,-7513,-525,-1,0,-1
-157.18,154.33,-93.88,3626,-7509,-536,0,0,-1
-157.18,154.33,-93.88,3624,-7509,-532,0,-1,0
-157.20,154.35,-93.89,3612,-7503,-532,0,-1,0
-157.19,154.35,-93.89,3613,-7504,-537,0,-1,0
-157.19,154.34,-93.89,3623,-7505,-522,-1,-1,0
-157.19,154.34,-93.89,3623,-7509,-532,-1,0,-1
-157.19,154.34,-93.89,3615,-7506,-534,-1,0,-1
-157.19,154.34,-93.89,3605,-7502,-535,0,0,-1
-157.19,154.33,-93.89,3608,-7505,-543,0,-1,-1
-157.19,154.34,-93.89,3618,-7505,-533,0,-1,0
-157.19,154.34,-93.89,3625,-7508,-521,0,-1,0
-157.19,154.34,-93.89,3620,-7507,-518,-1,-1,0
-157.19,154.34,-93.89,3618,-7503,-527,-1,0,-1
-157.18,154.33,-93.90,3616,-7507,-522,-1,0,-1
-157.18,154.33,-93.90,3613,-7514,-522,-1,0,-1
-157.19,154.33,-93.91,3613,-7505,-527,0,0,0
-157.19,154.32,-93.91,3618,-7510,-527,-1,-1,0
-157.20,154.33,-93.92,3623,-7514,-556,0,0,0
-157.20,154.33,-93.91,3622,-7509,-536,-1,-1,-1
-157.20,154.32,-93.92,3623,-7507,-536,-1,0,0
-157.20,154.33,-93.92,3619,-7501,-519,0,-1,0
-157.20,154.33,-93.92,3615,-7503,-529,0,-1,-1
-157.20,154.33,-93.92,3614,-7508,-532,0,0,-1
-157.21,154.33,-93.93,3619,-7514,-540,-1,0,0
-157.21,154.33,-93.93,3623,-7513,-527,-1,0,0
-157.22,154.33,-93.94,3614,-7510,-532,-1,-1,-1
-157.22,154.33,-93.95,3613,-7507,-537,-1,0,-1
-157.22,154.33,-93.95,3623,-7512,-543,0,0,-1
-157.22,154.32,-93.95,3628,-7509,-549,0,0,0
-157.23,154.33,-93.95,3620,-7502,-540,0,-1,0
-157.24,154.34,-93.97,3615,-7500,-541,-1,-1,0
-157.25,154.34,-93.98,3629,-7504,-537,-1,0,-1
-157.25,154.33,-93.98,3633,-7516,-535,-1,0,-1
-157.26,154.33,-94.00,3630,-7514,-547,-1,0,0
-157.26,154.33,-94.00,3620,-7504,-562,-1,0,0
-157.27,154.33,-94.01,3611,-7500,-564,0,-1,-1
-157.26,154.33,-94.01,3626,-7498,-545,0,-1,-1
-157.26,154.33,-94.01,3633,-7502,-546,0,-1,0
-157.27,154.33,-94.01,3630,-7496,-544,-1,-1,0
-157.27,154.34,-94.01,3618,-7496,-545,-1,0,0
-157.28,154.34,-94.02,3618,-7501,-545,-1,0,-1
-157.27,154.32,-94.03,3626,-7501,-544,-1,0,-1
-157.27,154.32,-94.04,3629,-7503,-538,-1,0,-1
-157.29,154.32,-94.04,3625,-7506,-546,-1,0,0
-157.30,154.33,-94.05,3619,-7504,-558,0,-1,0
-157.31,154.33,-94.06,3624,-7497,-551,0,-1,0
-157.31,154.33,-94.07,3628,-7500,-538,-1,-1,0
-157.33,154.34,-94.08,3632,-7504,-559,-1,0,0
-157.33,154.34,-94.09,3619,-7500,-554,-1,0,0
-157.34,154.34,-94.09,3626,-7509,-565,-1,0,-1
-157.34,154.34,-94.10,3621,-7507,-562,-1,-1,0
-157.35,154.34,-94.11,3622,-7507,-563,0,-1,0
-157.36,154.35,-94.12,3621,-7507,-555,0,-1,0
-157.38,154.36,-94.13,3615,-7512,-544,-1,-1,0
-157.39,154.35,-94.14,3613,-7516,-552,-1,0,-1
-157.39,154.35,-94.15,3611,-7511,-555,-1,0,-1
-157.38,154.34,-94.15,3617,-7497,-553,-1,0,-1
-157.40,154.34,-94.16,3618,-7502,-575,-1,0,-1
-157.40,154.34,-94.17,3618,-7506,-582,0,-1,0
-157.39,154.34,-94.16,3626,-7505,-576,0,-1,0
-157.38,154.34,-94.16,3615,-7510,-576,0,-1,-1
-157.37,154.33,-94.15,3615,-7508,-575,0,0,-1
-157.37,154.34,-94.14,3612,-7511,-580,0,0,0
-157.38,154.34,-94.14,3620,-7513,-577,0,-1,0
-157.39,154.35,-94.14,3617,-7509,-570,0,0,-1
-157.36,154.34,-94.13,3619,-7509,-576,0,0,-1
-157.36,154.34,-94.13,3628,-7509,-564,0,0,0
-157.36,154.34,-94.12,3623,-7506,-559,0,-1,0
-157.37,154.35,-94.12,3615,-7504,-567,0,0,-1
-157.36,154.34,-94.12,3625,-7504,-567,0,0,-1
-157.34,154.33,-94.11,3630,-7506,-559,0,0,0
-157.35,154.34,-94.10,3630,-7501,-554,0,-1,0
-157.35,154.35,-94.10,3617,-7495,-565,0,-1,-1
-157.34,154.34,-94.10,3620,-7498,-555,0,-1,-1
-157.34,154.34,-94.10,3628,-7513,-557,0,0,-1
-157.34,154.34,-94.09,3628,-7514,-553,-1,0,0
-157.34,154.35,-94.10,3620,-7510,-563,-1,-1,0
-157.35,154.35,-94.10,3613,-7508,-572,0,0,-1
-157.34,154.34,-94.10,3621,-7502,-561,0,-1,-1
-157.33,154.33,-94.09,3644,-7500,-563,0,-1,0
-157.32,154.34,-94.08,3637,-7504,-552,0,-1,0
-157.33,154.35,-94.08,3620,-7500,-560,0,-1,0
-157.35,154.36,-94.09,3615,-7494,-556,-1,-1,0
-157.35,154.35,-94.10,3616,-7494,-549,-1,-1,0
-157.36,154.35,-94.11,3619,-7505,-557,-1,0,-1
-157.34,154.34,-94.11,3624,-7510,-562,-1,1,-1
-157.34,154.33,-94.11,3626,-7507,-568,-1,0,0
-157.35,154.33,-94.11,3622,-7506,-572,0,-1,0
-157.35,154.34,-94.11,3625,-7505,-563,0,-1,0
-157.35,154.34,-94.11,3629,-7505,-552,0,-1,0
-157.36,154.36,-94.11,3621,-7502,-543,-1,-1,0
-157.37,154.36,-94.11,3622,-7499,-544,-1,0,0
-157.37,154.36,-94.12,3610,-7509,-550,-1,0,-1
-157.36,154.35,-94.11,3611,-7507,-552,-1,0,-1
-157.37,154.35,-94.12,3616,-7508,-554,-1,-1,0
-157.38,154.35,-94.13,3623,-7502,-568,0,-1,0
-157.40,154.37,-94.15,3617,-7503,-564,-1,-1,0
-157.41,154.37,-94.16,3626,-7501,-570,-1,0,0
-157.41,154.36,-94.16,3614,-7498,-554,-1,-1,-1
-157.42,154.36,-94.17,3617,-7508,-573,-1,0,-1
-157.42,154.36,-94.18,3618,-7508,-585,-1,0,-1
-157.42,154.36,-94.18,3625,-7506,-579,-1,-1,0
-157.43,154.36,-94.19,3627,-7508,-575,0,-1,0
-157.44,154.36,-94.20,3626,-7511,-575,0,-1,0
-157.44,154.37,-94.20,3628,-7507,-572,0,-1,0
-157.44,154.37,-94.20,3623,-7507,-568,-1,0,0
-157.44,154.37,-94.20,3616,-7508,-570,-1,0,-1
-157.45,154.37,-94.21,3616,-7508,-574,-1,0,-1
-157.45,154.37,-94.21,3617,-7507,-568,0,0,0
-157.45,154.37,-94.21,3616,-7509,-563,0,-1,0
-157.45,154.37,-94.21,3616,-7513,-572,0,-1,-1
-157.44,154.37,-94.20,3620,-7514,-581,0,0,-1
-157.45,154.37,-94.21,3625,-7511,-579,-1,-1,0
-157.45,154.37,-94.21,3629,-7516,-580,0,0,-1
-157.44,154.36,-94.21,3631,-7507,-578,0,0,0
-157.45,154.37,-94.21,3628,-7502,-590,0,0,0
-157.46,154.38,-94.21,3614,-7501,-582,0,-1,0
-157.46,154.37,-94.22,3613,-7505,-582,0,-1,-1
-157.44,154.36,-94.20,3623,-7497,-563,0,0,-1
-157.44,154.36,-94.20,3630,-7506,-554,-1,-1,0
-157.45,154.38,-94.20,3623,-7501,-564,0,0,0
-157.46,154.39,-94.20,3603,-7505,-568,0,-1,0
-157.45,154.38,-94.20,3610,-7513,-568,0,0,-1
-157.44,154.37,-94.19,3620,-7508,-566,0,0,0
-157.44,154.37,-94.19,3628,-7510,-572,0,0,0
-157.44,154.37,-94.19,3628,-7510,-571,0,0,0
-157.44,154.38,-94.19,3622,-7507,-575,0,-1,0
-157.44,154.38,-94.19,3629,-7505,-567,0,-1,0
-157.44,154.38,-94.19,3627,-7510,-565,0,-1,0
-157.43,154.37,-94.19,3631,-7515,-569,0,0,-1
-157.42,154.36,-94.18,3631,-7509,-558,0,0,0
-157.43,154.37,-94.18,3622,-7507,-558,0,0,0
-157.43,154.37,-94.18,3621,-7499,-558,0,-1,-1
-157.42,154.37,-94.17,3631,-7508,-560,0,-1,-1
-157.42,154.37,-94.17,3637,-7512,-560,-1,-1,0
-157.43,154.37,-94.18,3623,-7510,-561,-1,0,0
-157.44,154.38,-94.18,3619,-7510,-565,-1,0,-1
-157.44,154.38,-94.19,3625,-7505,-565,-1,0,0
-157.44,154.38,-94.19,3624,-7507,-566,-1,-1,0
-157.44,154.38,-94.19,3625,-7511,-562,0,-1,0
-157.45,154.39,-94.19,3626,-7513,-558,-1,-1,0
-157.45,154.39,-94.20,3618,-7508,-558,-1,-1,0
-157.46,154.39,-94.21,3613,-7515,-559,-1,0,-1
-157.46,154.39,-94.20,3612,-7511,-558,-1,0,-1
-157.47,154.39,-94.22,3623,-7519,-560,-1,-1,0
-157.49,154.40,-94.22,3616,-7515,-573,-1,0,0
-157.49,154.39,-94.24,3617,-7509,-587,-1,0,-1
-157.49,154.39,-94.24,3621,-7499,-593,0,0,-1
-157.50,154.39,-94.25,3617,-7498,-584,0,-1,0
-157.51,154.40,-94.25,3616,-7505,-581,0,-1,0
-157.51,154.41,-94.25,3616,-7507,-574,0,0,-1
-157.51,154.40,-94.25,3617,-7510,-578,0,0,-1
-157.50,154.40,-94.25,3619,-7513,-576,-1,0,-1
-157.50,154.40,-94.25,3616,-7512,-587,-1,0,0
-157.51,154.40,-94.26,3616,-7517,-589,0,0,0
-157.51,154.40,-94.25,3608,-7512,-585,0,-1,0
-157.51,154.40,-94.25,3607,-7508,-584,0,-1,-1
-157.51,154.40,-94.25,3615,-7508,-581,0,0,-1
-157.49,154.39,-94.25,3620,-7516,-585,0,0,-1
-157.48,154.38,-94.24,3622,-7511,-585,0,0,0
-157.49,154.39,-94.24,3616,-7504,-581,0,-1,0
-157.50,154.39,-94.25,3612,-7495,-578,0,-1,0
-157.49,154.39,-94.25,3620,-7502,-576,0,-1,-1
-157.48,154.38,-94.25,3629,-7510,-567,-1,0,-1
-157.49,154.38,-94.25,3628,-7504,-565,-1,0,0
-157.49,154.37,-94.26,3621,-7502,-585,-1,0,-1
-157.48,154.37,-94.26,3614,-7502,-588,-1,-1,-1
-157.48,154.36,-94.27,3623,-7515,-591,0,0,-1
-157.46,154.35,-94.26,3633,-7516,-581,0,0,0
-157.47,154.36,-94.26,3637,-7515,-583,0,-1,0
-157.47,154.36,-94.26,3619,-7509,-583,0,-1,0
-157.47,154.36,-94.26,3612,-7501,-572,0,-1,-1
-157.46,154.35,-94.25,3620,-7503,-573,0,0,-1
-157.44,154.33,-94.25,3630,-7495,-566,-1,0,-1
-157.44,154.33,-94.25,3631,-7501,-581,-1,0,-1
-157.44,154.33,-94.25,3624,-7495,-583,-1,0,0
-157.45,154.33,-94.26,3621,-7487,-586,0,-1,0
-157.44,154.33,-94.26,3620,-7486,-573,0,-1,-1
-157.44,154.32,-94.26,3635,-7507,-582,0,0,-1
-157.44,154.32,-94.26,3635,-7505,-568,-1,0,0
-157.44,154.32,-94.26,3628,-7502,-576,-1,0,0
-157.44,154.32,-94.26,3621,-7501,-578,0,0,-1
-157.44,154.32,-94.26,3623,-7498,-572,0,-1,0
-157.44,154.32,-94.27,3630,-7503,-571,0,-1,0
-157.44,154.32,-94.27,3634,-7500,-571,0,-1,0
-157.44,154.32,-94.27,3627,-7498,-576,-1,-1,-1
-157.44,154.31,-94.28,3626,-7504,-574,-1,0,-1
-157.44,154.31,-94.28,3630,-7503,-572,-1,0,-1
-157.44,154.31,-94.29,3627,-7500,-583,-1,0,-1
-157.45,154.30,-94.30,3630,-7502,-587,-1,-1,-1
-157.45,154.31,-94.30,3629,-7507,-591,-1,-1,0
-157.45,154.31,-94.31,3628,-7508,-597,0,-1,0
-157.45,154.30,-94.31,3630,-7500,-584,0,0,-1
-157.45,154.31,-94.31,3627,-7508,-587,-1,0,0
-157.45,154.31,-94.31,3626,-7503,-581,-1,0,0
-157.45,154.31,-94.31,3628,-7501,-586,0,0,-1
-157.45,154.30,-94.31,3628,-7501,-585,0,-1,-1
-157.45,154.30,-94.31,3637,-7502,-577,0,-1,0
-157.46,154.31,-94.32,3634,-7505,-573,-1,-1,0
-157.45,154.29,-94.32,3634,-7496,-579,-1,0,-1
-157.44,154.29,-94.31,3630,-7489,-579,0,0,0
-157.44,154.29,-94.31,3625,-7496,-584,-1,-1,0
-157.44,154.29,-94.32,3631,-7499,-594,0,0,-1
-157.43,154.28,-94.31,3637,-7511,-584,-1,0,-1
-157.43,154.28,-94.31,3641,-7511,-583,0,0,0
-157.43,154.29,-94.31,3629,-7494,-585,0,-1,0
-157.44,154.30,-94.31,3619,-7496,-584,0,-1,-1
-157.42,154.29,-94.30,3630,-7494,-572,0,0,-1
-157.41,154.27,-94.30,3642,-7500,-570,-1,0,-1
-157.42,154.27,-94.31,3642,-7496,-577,-1,0,0
-157.43,154.28,-94.32,3632,-7495,-589,-1,0,0
-157.43,154.28,-94.32,3627,-7498,-610,0,-1,-1
-157.43,154.27,-94.32,3631,-7500,-611,0,-1,-1
-157.42,154.27,-94.32,3640,-7499,-591,0,-1,-1
-157.42,154.27,-94.32,3638,-7497,-586,-1,-1,0
-157.44,154.27,-94.33,3627,-7496,-585,-1,-1,0
-157.44,154.27,-94.33,3623,-7495,-582,-1,0,-1
-157.43,154.26,-94.33,3628,-7492,-589,-1,0,-1
-157.42,154.26,-94.34,3636,-7496,-589,-1,0,-1
-157.41,154.25,-94.33,3639,-7495,-588,-1,0,0
-157.43,154.25,-94.34,3637,-7498,-591,0,-1,0
-157.43,154.26,-94.34,3639,-7496,-589,0,-1,0
-157.43,154.26,-94.35,3641,-7496,-587,0,-1,-1
-157.43,154.25,-94.35,3641,-7492,-590,-1,0,-1
-157.44,154.25,-94.36,3645,-7494,-590,-1,0,0
-157.44,154.25,-94.36,3634,-7496,-587,-1,0,-1
-157.43,154.25,-94.35,3636,-7497,-592,0,0,-1
-157.43,154.24,-94.36,3635,-7488,-595,0,-1,0
-157.42,154.24,-94.36,3640,-7492,-588,0,-1,0
-157.43,154.25,-94.36,3636,-7488,-584,0,-1,0
-157.43,154.25,-94.36,3628,-7487,-576,0,-1,0
-157.43,154.25,-94.36,3629,-7488,-581,-1,0,-1
-157.43,154.24,-94.36,3639,-7490,-579,-1,0,-1
-157.43,154.23,-94.37,3649,-7493,-597,-1,0,-1
-157.42,154.23,-94.37,3650,-7495,-592,-1,0,-1
-157.42,154.22,-94.38,3651,-7501,-601,-1,-1,0
-157.43,154.23,-94.38,3645,-7493,-605,0,-1,0
-157.43,154.23,-94.39,3640,-7490,-599,0,-1,0
-157.42,154.23,-94.39,3641,-7491,-597,0,0,-1
-157.42,154.23,-94.38,3644,-7485,-585,0,-1,0
-157.42,154.23,-94.39,3645,-7492,-585,-1,0,0
-157.43,154.22,-94.39,3648,-7497,-593,-1,0,-1
-157.43,154.22,-94.40,3646,-7494,-608,-1,0,0
-157.44,154.23,-94.40,3638,-7499,-602,-1,-1,0
-157.46,154.23,-94.42,3640,-7500,-597,-1,-1,-1
-157.45,154.23,-94.41,3644,-7502,-594,-1,0,-1
-157.44,154.22,-94.42,3646,-7500,-593,-1,-1,0
-157.45,154.22,-94.42,3646,-7499,-597,0,-1,0
-157.45,154.23,-94.42,3641,-7497,-588,0,-1,0
-157.46,154.23,-94.43,3646,-7499,-588,-1,-1,-1
-157.46,154.22,-94.44,3653,-7500,-586,-1,0,0
-157.47,154.22,-94.45,3648,-7502,-589,-1,0,0
-157.48,154.22,-94.46,3640,-7498,-599,-1,0,-1
-157.48,154.22,-94.47,3634,-7500,-612,-1,0,-1
-157.48,154.22,-94.47,3638,-7501,-610,0,-1,-1
-157.48,154.22,-94.47,3647,-7494,-609,0,-1,0
-157.49,154.22,-94.48,3645,-7491,-598,-1,-1,0
-157.51,154.23,-94.49,3642,-7493,-598,-1,0,0
-157.51,154.23,-94.50,3642,-7489,-596,-1,0,-1
-157.51,154.22,-94.51,3638,-7485,-601,-1,0,-1
-157.51,154.22,-94.51,3645,-7492,-611,-1,0,-1
-157.51,154.21,-94.52,3649,-7497,-614,-1,0,0
-157.52,154.22,-94.52,3643,-7488,-613,0,-1,0
-157.53,154.22,-94.53,3646,-7488,-617,-1,-1,0
-157.54,154.23,-94.54,3654,-7493,-621,-1,0,0
-157.54,154.22,-94.54,3652,-7495,-605,-1,0,0
-157.55,154.23,-94.55,3649,-7500,-617,-1,0,-1
-157.54,154.22,-94.55,3639,-7498,-630,-1,0,-1
-157.55,154.22,-94.56,3641,-7489,-640,0,-1,0
-157.55,154.22,-94.57,3642,-7486,-634,0,-1,0
-157.55,154.22,-94.57,3648,-7492,-622,0,-1,0
-157.56,154.23,-94.57,3650,-7496,-610,0,-1,0
-157.57,154.23,-94.57,3639,-7487,-605,-1,-1,0
-157.57,154.23,-94.58,3641,-7487,-610,-1,0,0
-157.57,154.22,-94.58,3642,-7490,-619,-1,0,-1
-157.56,154.21,-94.60,3641,-7491,-627,-1,0,-1
-157.57,154.21,-94.60,3646,-7489,-630,-1,0,0
-157.57,154.21,-94.60,3639,-7489,-634,-1,-1,0
-157.58,154.21,-94.61,3640,-7492,-629,0,-1,-1
-157.58,154.22,-94.61,3639,-7494,-623,0,-1,0
-157.58,154.22,-94.60,3633,-7487,-629,0,0,-1
-157.56,154.21,-94.59,3640,-7490,-628,0,0,-1
-157.56,154.21,-94.58,3644,-7486,-617,0,-1,0
-157.56,154.22,-94.59,3642,-7491,-625,0,-1,0
-157.57,154.23,-94.58,3634,-7494,-621,0,-1,0
-157.57,154.22,-94.59,3647,-7496,-614,-1,0,-1
-157.56,154.21,-94.59,3648,-7501,-615,-1,0,-1
-157.55,154.21,-94.59,3646,-7495,-620,0,0,-1
-157.55,154.21,-94.58,3644,-7484,-630,0,0,0
-157.56,154.22,-94.58,3643,-7475,-627,0,-1,0
-157.56,154.22,-94.59,3636,-7482,-630,0,-1,0
-157.56,154.22,-94.59,3650,-7492,-632,0,0,-1
-157.54,154.20,-94.58,3654,-7492,-604,-1,0,-1
-157.55,154.21,-94.58,3647,-7492,-615,-1,0,0
-157.56,154.22,-94.59,3634,-7487,-613,0,0,0
-157.55,154.21,-94.58,3633,-7487,-620,0,-1,-1
-157.54,154.21,-94.57,3644,-7494,-620,0,-1,-1
-157.54,154.21,-94.57,3658,-7495,-622,0,-1,0
-157.54,154.21,-94.57,3657,-7492,-612,0,0,0
-157.55,154.21,-94.57,3651,-7487,-611,-1,-1,0
-157.57,154.23,-94.59,3642,-7485,-625,-1,-1,0
-157.56,154.21,-94.59,3639,-7492,-631,-1,0,-1
-157.55,154.20,-94.59,3644,-7497,-628,-1,0,-1
-157.55,154.20,-94.59,3651,-7491,-625,-1,0,0
-157.56,154.21,-94.60,3651,-7492,-621,-1,-1,0
-157.57,154.21,-94.61,3641,-7483,-620,0,-1,0
-157.57,154.21,-94.61,3643,-7487,-615,0,-1,0
-157.57,154.21,-94.61,3643,-7488,-620,-1,0,0
-157.58,154.22,-94.62,3635,-7488,-615,-1,0,0
-157.59,154.22,-94.62,3638,-7499,-619,-1,0,-1
-157.59,154.22,-94.62,3641,-7498,-623,-1,0,-1
-157.58,154.21,-94.62,3638,-7499,-617,0,-1,0
-157.59,154.22,-94.63,3640,-7502,-615,0,-1,0
-157.59,154.22,-94.62,3645,-7495,-610,0,-1,0
-157.59,154.22,-94.63,3645,-7492,-612,-1,-1,0
-157.60,154.22,-94.63,3643,-7484,-624,0,0,-1
-157.60,154.22,-94.63,3641,-7483,-625,-1,0,-1
-157.59,154.22,-94.64,3644,-7490,-638,-1,0,-1
-157.60,154.21,-94.64,3649,-7489,-634,-1,-1,0
-157.59,154.21,-94.64,3651,-7491,-638,0,-1,0
-157.59,154.21,-94.64,3649,-7490,-633,0,-1,-1
-157.59,154.21,-94.64,3656,-7489,-633,0,-1,0
-157.59,154.21,-94.64,3645,-7493,-634,0,0,0
-157.59,154.21,-94.64,3649,-7490,-627,0,0,0
-157.59,154.22,-94.64,3649,-7492,-630,0,-1,0
-157.59,154.22,-94.64,3651,-7489,-625,0,-1,-1
-157.59,154.22,-94.64,3648,-7488,-629,0,0,-1
-157.59,154.21,-94.64,3642,-7499,-623,-1,0,-1
-157.59,154.21,-94.64,3642,-7493,-621,0,0,-1
-157.59,154.21,-94.64,3650,-7483,-636,-1,-1,-1
-157.59,154.21,-94.65,3642,-7487,-624,-1,-1,0
-157.60,154.21,-94.65,3649,-7486,-635,-1,-1,0
-157.60,154.21,-94.65,3648,-7489,-627,0,-1,0
-157.60,154.22,-94.65,3647,-7480,-634,0,-1,0
-157.61,154.22,-94.66,3640,-7483,-632,0,-1,-1
-157.60,154.21,-94.66,3645,-7487,-632,-1,0,-1
-157.61,154.21,-94.66,3648,-7491,-631,-1,0,0
-157.62,154.22,-94.67,3640,-7493,-630,0,0,0
-157.62,154.22,-94.67,3633,-7486,-633,-1,-1,0
-157.62,154.22,-94.67,3641,-7490,-635,0,0,-1
-157.61,154.21,-94.67,3642,-7498,-632,0,-1,-1
-157.61,154.21,-94.67,3646,-7500,-638,0,0,0
-157.62,154.22,-94.67,3642,-7494,-637,0,0,0
-157.62,154.22,-94.67,3636,-7491,-645,0,-1,0
-157.63,154.22,-94.68,3637,-7490,-637,0,-1,0
-157.63,154.23,-94.68,3635,-7491,-638,-1,-1,-1
-157.64,154.22,-94.69,3635,-7489,-638,-1,0,-1
-157.64,154.22,-94.70,3638,-7491,-632,-1,0,0
-157.65,154.22,-94.70,3641,-7488,-630,-1,-1,0
-157.65,154.23,-94.71,3641,-7482,-643,0,-1,0
-157.65,154.22,-94.71,3643,-7486,-641,0,-1,-1
-157.64,154.22,-94.70,3651,-7485,-645,0,-1,0
-157.65,154.23,-94.71,3647,-7488,-641,-1,0,0
-157.66,154.23,-94.71,3636,-7497,-641,0,0,0
-157.66,154.23,-94.71,3638,-7493,-638,0,0,-1
-157.65,154.23,-94.71,3639,-7496,-637,0,-1,0
-157.66,154.23,-94.71,3639,-7496,-635,0,-1,0
-157.66,154.23,-94.71,3643,-7497,-636,0,-1,0
-157.66,154.23,-94.71,3644,-7492,-635,-1,0,0
-157.67,154.24,-94.72,3637,-7487,-637,-1,0,0
-157.68,154.24,-94.73,3636,-7488,-640,-1,0,-1
-157.68,154.23,-94.73,3636,-7485,-645,0,0,-1
-157.68,154.23,-94.73,3635,-7492,-645,-1,-1,-1
-157.68,154.23,-94.74,3641,-7494,-648,-1,0,0
-157.68,154.23,-94.73,3633,-7488,-639,0,-1,0
-157.69,154.24,-94.74,3628,-7499,-651,0,-1,0
-157.69,154.24,-94.74,3632,-7495,-643,0,0,-1
-157.69,154.24,-94.74,3630,-7490,-646,-1,-1,0
-157.68,154.23,-94.74,3637,-7489,-644,0,0,-1
-157.67,154.23,-94.73,3638,-7484,-636,0,0,-1
-157.66,154.22,-94.73,3645,-7492,-644,0,0,-1
-157.65,154.21,-94.72,3641,-7495,-638,0,0,-1
-157.66,154.22,-94.72,3636,-7493,-640,0,0,0
-157.64,154.21,-94.71,3633,-7495,-637,0,-1,-1
-157.63,154.21,-94.71,3647,-7492,-635,0,0,-1
-157.63,154.20,-94.70,3644,-7481,-638,0,-1,0
-157.63,154.21,-94.71,3634,-7483,-635,0,0,0
-157.62,154.20,-94.71,3630,-7490,-629,-1,0,-1
-157.60,154.18,-94.70,3646,-7492,-634,0,0,-1
-157.60,154.18,-94.70,3652,-7485,-633,0,0,0
-157.60,154.18,-94.70,3648,-7475,-626,0,-1,0
-157.61,154.19,-94.70,3640,-7479,-632,0,-1,0
-157.61,154.19,-94.71,3641,-7494,-623,0,-1,-1
-157.60,154.17,-94.71,3653,-7493,-619,-1,0,-1
-157.61,154.18,-94.72,3647,-7487,-625,-1,0,0
-157.62,154.18,-94.73,3642,-7486,-644,-1,0,-1
-157.62,154.18,-94.73,3647,-7485,-641,0,-1,-1
-157.61,154.17,-94.74,3661,-7489,-639,0,-1,-1
-157.61,154.17,-94.74,3661,-7495,-638,-1,-1,0
-157.62,154.17,-94.74,3653,-7488,-644,-1,0,0
-157.62,154.17,-94.74,3645,-7484,-645,-1,-1,-1
-157.62,154.16,-94.75,3648,-7492,-650,0,0,-1
-157.60,154.15,-94.75,3661,-7493,-635,-1,0,-1
-157.61,154.15,-94.76,3661,-7496,-645,-1,0,0
-157.61,154.15,-94.76,3649,-7490,-644,-1,0,0
-157.63,154.16,-94.77,3642,-7490,-654,0,-1,-1
-157.62,154.15,-94.77,3641,-7486,-647,0,-1,-1
-157.61,154.14,-94.76,3658,-7490,-645,0,-1,-1
-157.61,154.14,-94.77,3667,-7489,-636,-1,0,0
-157.61,154.14,-94.77,3652,-7492,-634,-1,0,0
-157.63,154.15,-94.77,3643,-7488,-637,0,0,0
-157.62,154.15,-94.77,3634,-7492,-641,0,-1,-1
-157.61,154.14,-94.77,3647,-7496,-638,0,0,-1
-157.61,154.14,-94.77,3656,-7487,-634,0,-1,0
-157.62,154.14,-94.77,3650,-7488,-644,-1,-1,0
-157.62,154.15,-94.78,3643,-7485,-646,-1,-1,-1
-157.63,154.15,-94.78,3644,-7484,-645,-1,0,-1
-157.62,154.14,-94.79,3656,-7491,-646,-1,0,-1
-157.61,154.13,-94.79,3661,-7489,-645,-1,0,-1
-157.61,154.12,-94.80,3666,-7483,-640,-1,-1,0
-157.62,154.13,-94.80,3661,-7485,-627,0,-1,0
-157.62,154.13,-94.80,3658,-7486,-626,0,-1,0
-157.62,154.13,-94.80,3654,-7482,-638,0,0,-1
-157.62,154.12,-94.80,3651,-7480,-625,-1,0,-1
-157.62,154.13,-94.80,3654,-7485,-641,-1,0,0
-157.62,154.13,-94.80,3658,-7484,-636,0,0,-1
-157.62,154.12,-94.81,3656,-7480,-648,0,-1,-1
-157.62,154.12,-94.81,3657,-7485,-644,0,-1,0
-157.62,154.13,-94.81,3647,-7489,-643,0,-1,0
-157.62,154.12,-94.82,3646,-7487,-638,-1,0,-1
-157.62,154.12,-94.81,3651,-7484,-644,-1,0,-1
-157.62,154.11,-94.82,3659,-7487,-652,-1,0,0
-157.62,154.12,-94.82,3649,-7475,-642,0,0,0
-157.62,154.12,-94.82,3650,-7478,-637,-1,-1,0
-157.62,154.11,-94.83,3654,-7482,-644,-1,0,-1
-157.62,154.10,-94.83,3660,-7480,-650,0,0,-1
-157.61,154.11,-94.82,3664,-7477,-658,0,-1,0
-157.62,154.11,-94.82,3654,-7470,-650,0,-1,0
-157.63,154.12,-94.83,3651,-7471,-648,0,-1,-1
-157.62,154.11,-94.83,3663,-7482,-642,-1,0,-1
-157.63,154.11,-94.84,3668,-7487,-640,-1,0,0
-157.64,154.11,-94.85,3653,-7482,-651,-1,0,0
-157.64,154.11,-94.85,3632,-7486,-665,-1,0,-1
-157.63,154.10,-94.85,3645,-7489,-671,0,0,-1
-157.63,154.10,-94.86,3660,-7496,-663,0,-1,0
-157.63,154.10,-94.86,3663,-7491,-657,0,-1,0
-157.65,154.12,-94.86,3654,-7482,-652,-1,-1,0
-157.65,154.12,-94.86,3649,-7479,-651,0,0,-1
-157.64,154.11,-94.86,3654,-7480,-646,0,0,-1
-157.63,154.10,-94.86,3666,-7483,-642,-1,0,-1
-157.63,154.09,-94.87,3663,-7488,-646,-1,0,0
-157.64,154.10,-94.87,3659,-7487,-652,-1,-1,0
-157.64,154.10,-94.87,3652,-7484,-656,0,-1,0
-157.65,154.10,-94.88,3657,-7484,-661,0,-1,-1
-157.63,154.09,-94.88,3665,-7492,-646,0,0,-1
-157.64,154.09,-94.88,3661,-7482,-664,-1,0,0
-157.65,154.10,-94.88,3652,-7484,-667,-1,0,0
-157.65,154.10,-94.89,3652,-7492,-672,0,0,-1
-157.65,154.09,-94.89,3652,-7492,-672,0,0,-1
-157.64,154.09,-94.89,3656,-7483,-657,0,-1,0
-157.65,154.09,-94.89,3652,-7476,-652,0,-1,0
-157.65,154.10,-94.89,3648,-7481,-651,0,-1,0
-157.66,154.11,-94.89,3645,-7477,-649,-1,-1,-1
-157.65,154.10,-94.89,3648,-7478,-647,-1,0,-1
-157.65,154.09,-94.90,3660,-7478,-652,-1,0,-1
-157.65,154.08,-94.91,3659,-7479,-673,-1,0,-1
-157.65,154.08,-94.91,3655,-7482,-666,-1,-1,0
-157.66,154.08,-94.92,3657,-7480,-670,0,-1,0
-157.66,154.08,-94.92,3657,-7482,-665,0,-1,0
-157.67,154.09,-94.93,3663,-7486,-668,0,-1,0
-157.67,154.09,-94.93,3658,-7486,-668,0,0,0
-157.67,154.09,-94.93,3659,-7489,-670,0,0,0
-157.67,154.09,-94.93,3652,-7487,-666,0,0,-1
-157.67,154.09,-94.93,3653,-7480,-665,0,-1,-1
-157.66,154.08,-94.93,3661,-7487,-661,0,-1,0
-157.65,154.08,-94.92,3664,-7483,-669,0,0,-1
-157.65,154.08,-94.92,3664,-7479,-659,-1,-1,-1
-157.66,154.07,-94.93,3660,-7474,-666,0,0,-1
-157.66,154.08,-94.93,3657,-7474,-656,0,-1,0
-157.67,154.08,-94.94,3656,-7475,-664,-1,-1,0
-157.66,154.07,-94.94,3654,-7485,-666,0,0,-1
-157.64,154.06,-94.93,3667,-7488,-662,0,0,-1
-157.64,154.06,-94.93,3668,-7483,-657,0,0,0
-157.65,154.07,-94.93,3660,-7476,-658,0,-1,0
-157.66,154.08,-94.93,3649,-7465,-653,0,-1,0
-157.66,154.07,-94.95,3647,-7480,-657,-1,0,-1
-157.66,154.07,-94.95,3656,-7494,-658,-1,0,-1
-157.67,154.07,-94.95,3659,-7485,-671,-1,0,0
-157.67,154.06,-94.96,3652,-7481,-672,-1,0,-1
-157.66,154.06,-94.96,3651,-7479,-677,0,-1,-1
-157.65,154.05,-94.96,3662,-7481,-664,0,-1,0
-157.66,154.06,-94.96,3664,-7480,-661,0,-1,0
-157.67,154.07,-94.96,3658,-7479,-660,-1,0,0
-157.67,154.07,-94.96,3653,-7477,-658,-1,0,-1
-157.66,154.06,-94.96,3655,-7478,-658,-1,0,-1
-157.65,154.05,-94.97,3662,-7485,-665,-1,0,-1
-157.65,154.04,-94.97,3667,-7485,-664,-1,0,0
-157.66,154.05,-94.98,3660,-7487,-670,0,-1,0
-157.67,154.06,-94.98,3663,-7484,-671,0,-1,0
-157.67,154.06,-94.98,3664,-7472,-669,0,-1,-1
-157.67,154.05,-94.99,3669,-7470,-659,-1,0,0
-157.67,154.05,-94.99,3672,-7470,-661,-1,0,0
-157.67,154.04,-95.00,3678,-7481,-671,-1,0,-1
-157.66,154.03,-94.99,3664,-7480,-666,-1,0,-1
-157.66,154.03,-94.99,3667,-7484,-667,0,-1,0
-157.67,154.04,-94.99,3664,-7478,-671,0,-1,0
-157.67,154.04,-95.00,3657,-7482,-662,0,-1,0
-157.66,154.04,-94.99,3659,-7480,-656,0,0,-1
-157.65,154.03,-94.98,3667,-6658,-258,0,0,-1
-157.64,154.02,-94.99,3674,-7479,-663,-1,0,-1
-157.64,154.02,-94.99,3669,-7473,-667,-1,0,-1
-157.64,154.02,-94.99,3673,-7472,-675,0,0,0
-157.65,154.02,-95.00,3674,-7476,-681,0,-1,0
-157.64,154.01,-95.00,3678,-7482,-680,0,-1,-1
-157.63,154.01,-94.98,3678,-7477,-681,0,0,0
-157.64,154.02,-94.99,3670,-7476,-674,0,-1,0
-157.62,154.01,-94.98,3671,-7480,-667,0,0,-1
-157.61,154.01,-94.96,3672,-7477,-649,0,0,0
-157.61,154.01,-94.96,3662,-7481,-655,0,-1,0
-157.61,154.01,-94.96,3657,-7477,-661,0,0,0
-157.61,154.01,-94.95,3660,-7478,-656,0,-1,-1
-157.59,154.00,-94.95,3664,-7482,-651,0,-1,0
-157.61,154.01,-94.95,3662,-7479,-662,-1,-1,0
-157.61,154.01,-94.95,3662,-7480,-671,0,0,-1
-157.58,154.00,-94.94,3668,-7467,-650,0,-1,-1
-157.59,154.01,-94.95,3662,-7473,-650,-1,-1,0
-157.59,154.01,-94.94,3668,-7465,-650,0,0,-1
-157.60,154.01,-94.95,3666,-7478,-655,-1,-1,0
-157.60,154.00,-94.95,3668,-7475,-663,-1,0,-1
-157.59,154.00,-94.95,3663,-7477,-656,-1,0,0
-157.59,154.00,-94.95,3663,-7475,-658,0,0,-1
-157.59,154.00,-94.95,3669,-7477,-648,0,-1,0
-157.60,154.00,-94.96,3677,-7476,-650,0,-1,0
-157.60,154.00,-94.96,3673,-7471,-651,0,0,-1
-157.59,154.00,-94.96,3675,-7464,-658,-1,0,-1
-157.60,153.99,-94.97,3676,-7473,-658,-1,0,-1
-157.61,153.99,-94.98,3673,-7477,-671,-1,0,-1
-157.60,153.98,-94.99,3670,-7471,-671,-1,-1,-1
-157.62,153.98,-95.01,3669,-7480,-672,-1,-1,-1
-157.63,153.98,-95.02,3664,-7482,-686,-1,0,0
-157.63,153.98,-95.02,3658,-7476,-677,-1,-1,0
-157.64,153.99,-95.03,3665,-7469,-667,-1,-1,0
-157.64,153.99,-95.03,3668,-7470,-668,0,-1,-1
-157.63,153.98,-95.04,3674,-7471,-672,-1,0,-1
-157.64,153.98,-95.04,3679,-7467,-678,-1,0,0
-157.65,153.99,-95.04,3671,-7467,-676,-1,0,0
-157.65,153.99,-95.05,3663,-7476,-680,0,-1,-1
-157.65,153.99,-95.05,3669,-7482,-684,0,-1,-1
-157.65,153.99,-95.05,3671,-7482,-676,0,-1,0
-157.66,153.99,-95.06,3680,-7474,-667,-1,-1,0
-157.66,153.99,-95.07,3684,-7477,-668,-1,0,0
-157.66,153.98,-95.07,3683,-7473,-663,-1,0,-1
-157.67,153.98,-95.08,3678,-7476,-663,-1,0,0
-157.67,153.98,-95.08,3671,-7471,-673,-1,0,-1
-157.67,153.98,-95.09,3673,-7469,-678,0,-1,0
-157.67,153.98,-95.09,3676,-7470,-687,0,-1,0
-157.67,153.98,-95.10,3679,-7471,-688,0,-1,0
-157.68,153.98,-95.10,3676,-7472,-688,0,-1,0
-157.68,153.98,-95.10,3676,-7470,-688,-1,-1,0
-157.69,153.99,-95.11,3679,-7468,-696,0,0,0
-157.69,153.99,-95.11,3677,-7474,-697,-1,-1,0
-157.69,153.98,-95.12,3675,-7481,-692,0,0,-1
-157.69,153.98,-95.11,3675,-7470,-696,-1,0,-1
-157.69,153.98,-95.12,3679,-7468,-679,-1,-1,0
-157.69,153.98,-95.12,3678,-7474,-677,0,-1,0
-157.70,153.99,-95.12,3669,-7472,-681,-1,-1,0
-157.71,153.98,-95.13,3667,-7470,-687,-1,0,-1
-157.70,153.98,-95.14,3672,-7480,-695,-1,0,-1
-157.70,153.97,-95.14,3676,-7475,-708,0,0,0
-157.71,153.98,-95.14,3670,-7466,-701,0,-1,0
-157.71,153.98,-95.14,3662,-7468,-683,0,-1,0
-157.71,153.98,-95.15,3668,-7478,-686,0,-1,-1
-157.72,153.98,-95.16,3675,-7481,-691,-1,0,0
-157.73,153.99,-95.16,3671,-7479,-688,-1,0,0
-157.74,153.99,-95.16,3654,-7478,-702,-1,0,-1
-157.73,153.98,-95.16,3649,-7474,-703,0,-1,-1
-157.72,153.98,-95.16,3663,-7469,-692,0,-1,-1
-157.73,153.98,-95.17,3668,-7476,-690,-1,-1,0
-157.74,154.00,-95.17,3667,-7474,-693,0,0,0
-157.75,154.01,-95.17,3657,-7477,-680,0,-1,0
-157.75,154.00,-95.17,3665,-7474,-684,0,0,-1
-157.74,154.00,-95.17,3665,-7471,-669,-1,-1,-1
-157.74,153.99,-95.17,3673,-7475,-673,-1,0,-1
-157.74,153.99,-95.17,3669,-7471,-680,-1,0,-1
-157.74,153.99,-95.17,3664,-7470,-680,0,0,-1
-157.73,153.98,-95.17,3664,-7467,-691,0,-1,-1
-157.73,153.98,-95.17,3670,-7462,-690,0,-1,-1
-157.72,153.98,-95.17,3681,-7461,-680,-1,-1,0
-157.74,153.99,-95.17,3670,-7467,-679,0,0,0
-157.74,153.99,-95.17,3658,-7474,-686,-1,0,-1
-157.73,153.99,-95.16,3651,-7476,-692,0,0,-1
-157.72,153.98,-95.15,3650,-7484,-699,0,0,-1
-157.70,153.97,-95.13,3665,-7489,-699,0,0,-1
-157.68,153.98,-95.11,3678,-7478,-681,0,-1,0
-157.69,153.99,-95.10,3672,-7476,-670,0,-1,1
-157.71,154.02,-95.10,3659,-7472,-671,0,-1,0
-157.69,154.01,-95.08,3656,-7474,-669,0,0,-1
-157.67,153.99,-95.07,3671,-7475,-653,-1,0,-1
-157.66,153.98,-95.07,3673,-7474,-656,-1,0,0
-157.65,153.98,-95.06,3665,-7477,-683,0,0,-1
-157.63,153.97,-95.04,3675,-7476,-682,0,-1,-1
-157.63,153.97,-95.05,3679,-7487,-697,0,-1,0
-157.62,153.98,-95.02,3685,-7467,-676,0,-1,0
-157.65,154.00,-95.04,3673,-7477,-671,0,-1,0
-157.63,154.00,-95.01,3664,-7474,-657,0,0,-1
-157.63,154.00,-95.02,3667,-7474,-659,-1,0,-1
-157.62,153.99,-95.01,3662,-7475,-668,-1,0,-1
-157.62,153.98,-95.02,3659,-7479,-674,-1,0,-1
-157.62,153.99,-95.01,3660,-7474,-671,0,-1,0
-157.62,153.99,-95.02,3667,-7479,-680,0,-1,-1
-157.63,153.99,-95.02,3666,-7474,-686,0,-1,0
-157.63,153.99,-95.02,3660,-7477,-667,0,-1,-1
-157.61,153.98,-95.01,3672,-7479,-669,0,0,-1
-157.61,153.99,-95.00,3680,-7472,-652,-1,-1,0
-157.62,154.00,-95.00,3664,-7464,-660,0,-1,0
-157.62,154.00,-95.01,3668,-7461,-667,-1,-1,-1
-157.62,153.99,-95.02,3678,-7478,-657,-1,-1,0
-157.64,153.99,-95.03,3679,-7476,-674,-1,0,0
-157.64,153.99,-95.03,3672,-7465,-676,-1,0,0
-157.64,153.99,-95.04,3663,-7469,-682,-1,-1,-1
-157.65,153.99,-95.05,3667,-7473,-677,-1,-1,0
-157.65,153.99,-95.06,3676,-7479,-663,0,-1,0
-157.67,154.00,-95.07,3679,-7472,-668,-1,-1,0
-157.68,154.00,-95.08,3671,-7466,-656,-1,-1,0
-157.70,154.01,-95.10,3664,-7471,-661,-1,0,0
-157.70,154.00,-95.11,3661,-7472,-666,-1,0,-1
-157.71,154.00,-95.12,3669,-7485,-675,-1,0,-1
-157.71,153.99,-95.13,3673,-7484,-688,-1,0,0
-157.71,153.99,-95.13,3680,-7483,-694,0,-1,0
-157.71,153.99,-95.13,3682,-7484,-692,0,-1,0
-157.72,154.00,-95.13,3675,-7476,-694,0,-1,0
-157.72,154.01,-95.13,3669,-7470,-695,0,-1,0
-157.72,154.01,-95.14,3670,-7469,-695,0,0,0
-157.72,154.00,-95.14,3666,-7471,-697,-1,0,-1
-157.71,153.99,-95.14,3665,-7478,-699,-1,0,-1
-157.71,153.99,-95.13,3665,-7479,-692,0,0,0
-157.72,154.00,-95.14,3670,-7476,-694,0,-1,0
-157.72,154.00,-95.14,3657,-7472,-684,0,-1,0
-157.73,154.01,-95.14,3658,-7469,-694,0,-1,-1
-157.73,154.00,-95.14,3669,-7477,-684,-1,-1,-1
-157.74,154.01,-95.15,3671,-7470,-686,-1,0,0
-157.74,154.00,-95.16,3663,-7471,-690,-1,0,-1
-157.74,153.99,-95.17,3661,-7478,-691,-1,0,-1
-157.74,153.99,-95.17,3663,-7479,-695,-1,0,-1
-157.74,153.99,-95.18,3668,-7480,-693,0,-1,0
-157.75,154.00,-95.18,3667,-7471,-695,0,-1,0
-157.75,154.00,-95.18,3670,-7473,-695,0,-1,0
-157.75,154.00,-95.18,3671,-7479,-692,-1,-1,0
-157.76,154.00,-95.19,3662,-7488,-698,0,0,-1
-157.74,153.99,-95.18,3663,-7477,-691,0,0,-1
-157.74,153.98,-95.19,3668,-7471,-696,0,0,-1
-157.73,153.98,-95.19,3672,-7476,-697,0,-1,-1
-157.72,153.97,-95.18,3673,-7469,-697,0,0,-1
-157.72,153.98,-95.18,3670,-7481,-685,0,-1,0
-157.72,153.98,-95.18,3675,-7475,-696,0,0,0
-157.72,153.98,-95.17,3672,-7465,-693,0,-1,0
-157.71,153.97,-95.18,3668,-7471,-696,0,0,-1
-157.70,153.96,-95.17,3674,-7472,-694,0,0,-1
-157.69,153.95,-95.17,3682,-7469,-690,0,0,0
-157.70,153.96,-95.17,3671,-7466,-689,0,-1,0
-157.71,153.97,-95.17,3660,-7465,-688,-1,-1,-1
-157.71,153.96,-95.18,3671,-7469,-675,-1,-1,-1
-157.70,153.95,-95.18,3676,-7470,-673,-1,0,0
-157.71,153.96,-95.18,3675,-7474,-684,-1,0,0
-157.72,153.96,-95.19,3671,-7468,-697,-1,0,-1
-157.71,153.95,-95.20,3669,-7467,-701,0,-1,-1
-157.70,153.94,-95.19,3683,-7473,-707,0,-1,-1
-157.70,153.94,-95.20,3689,-7479,-700,0,-1,0
-157.71,153.95,-95.20,3678,-7471,-693,0,-1,0
-157.72,153.96,-95.20,3666,-7471,-697,0,-1,-1
-157.71,153.95,-95.20,3664,-7466,-684,-1,0,-1
-157.70,153.94,-95.20,3680,-7468,-689,-1,0,-1
-157.70,153.93,-95.21,3679,-7465,-693,-1,0,0
-157.71,153.94,-95.22,3677,-7468,-701,-1,0,0
-157.71,153.94,-95.22,3671,-7466,-698,0,-1,-1
-157.71,153.93,-95.22,3677,-7466,-700,0,-1,-1
-157.71,153.93,-95.22,3682,-7460,-703,0,-1,0
-157.71,153.93,-95.23,3679,-7458,-700,-1,0,0
-157.72,153.93,-95.23,3674,-7459,-706,-1,0,0
-157.73,153.93,-95.23,3672,-7465,-713,0,0,-1
-157.72,153.93,-95.23,3672,-7474,-718,0,0,-1
-157.71,153.93,-95.23,3680,-7472,-711,0,-1,0
-157.71,153.93,-95.23,3680,-7470,-710,0,-1,0
-157.71,153.93,-95.23,3675,-7471,-694,0,-1,0
-157.72,153.93,-95.23,3672,-7469,-685,-1,-1,0
-157.71,153.93,-95.24,3677,-7462,-692,-1,0,-1
-157.70,153.92,-95.24,3676,-7456,-693,-1,0,-1
-157.70,153.91,-95.24,3683,-7462,-699,-1,0,-1
-157.69,153.90,-95.24,3686,-7465,-698,0,0,-1
-157.69,153.90,-95.24,3682,-7472,-702,0,-1,0
-157.70,153.91,-95.24,3675,-7470,-705,0,-1,0
-157.71,153.91,-95.25,3675,-7466,-701,0,-1,-1
-157.70,153.91,-95.25,3675,-7472,-703,0,0,-1
-157.70,153.90,-95.25,3675,-7472,-706,-1,0,-1
-157.70,153.90,-95.25,3680,-7467,-701,0,0,0
-157.70,153.91,-95.25,3680,-7465,-693,-1,0,0
-157.70,153.91,-95.25,3684,-7464,-700,-1,-1,-1
-157.71,153.90,-95.26,3678,-7463,-702,0,0,-1
-157.71,153.90,-95.26,3680,-7462,-694,0,0,-1
-157.70,153.90,-95.26,3681,-7459,-694,-1,0,0
-157.72,153.90,-95.27,3675,-7469,-698,-1,-1,0
-157.72,153.90,-95.28,3675,-7472,-713,-1,0,-1
-157.70,153.89,-95.27,3682,-7472,-708,0,0,-1
-157.70,153.89,-95.27,3686,-7471,-709,0,-1,0
-157.71,153.90,-95.28,3685,-7457,-710,0,-1,0
-157.72,153.90,-95.28,3681,-7456,-703,0,-1,0
-157.72,153.90,-95.29,3686,-7466,-702,-1,0,-1
-157.72,153.89,-95.29,3686,-7469,-695,-1,0,0
-157.73,153.90,-95.30,3683,-7469,-706,-1,0,0
-157.73,153.89,-95.30,3676,-7475,-724,-1,0,-1
-157.73,153.89,-95.31,3675,-7471,-718,0,-1,-1
-157.72,153.88,-95.31,3692,-7472,-714,0,-1,0
-157.73,153.89,-95.31,3692,-7461,-706,0,-1,0
-157.74,153.90,-95.31,3680,-7463,-704,0,-1,0
-157.74,153.90,-95.31,3675,-7454,-690,-1,-1,-1
-157.74,153.89,-95.32,3685,-7463,-702,-1,0,-1
-157.72,153.87,-95.32,3695,-7459,-707,-1,0,-1
-157.73,153.88,-95.32,3692,-7469,-708,-1,0,0
-157.73,153.88,-95.33,3685,-7463,-724,0,-1,0
-157.74,153.88,-95.33,3675,-7460,-719,0,-1,0
-157.74,153.88,-95.34,3676,-7461,-716,0,-1,-1
-157.72,153.87,-95.33,3686,-7459,-700,-1,0,0
-157.73,153.88,-95.33,3681,-7469,-701,-1,0,0
-157.73,153.87,-95.34,3680,-7470,-712,-1,0,-1
-157.73,153.87,-95.34,3686,-7467,-717,0,0,-1
-157.73,153.87,-95.34,3683,-7468,-714,0,-1,-1
-157.73,153.87,-95.34,3685,-7467,-707,0,-1,0
-157.73,153.87,-95.34,3690,-7463,-708,0,-1,0
-157.74,153.87,-95.34,3690,-7461,-707,0,-1,0
-157.74,153.87,-95.35,3680,-7462,-709,-1,0,-1
-157.73,153.87,-95.35,3686,-7464,-714,-1,0,-1
-157.73,153.86,-95.36,3692,-7461,-716,-1,0,-1
-157.73,153.85,-95.36,3690,-7458,-720,-1,0,-1
-157.74,153.85,-95.37,3684,-7456,-715,-1,-1,0
-157.74,153.86,-95.38,3688,-7455,-723,0,-1,0
-157.75,153.85,-95.38,3685,-7458,-726,-1,-1,0
-157.75,153.86,-95.39,3682,-7460,-723,-1,-1,0
-157.75,153.86,-95.39,3682,-7457,-723,-1,0,0
-157.76,153.86,-95.40,3678,-7456,-724,-1,-1,0
-157.77,153.86,-95.41,3684,-7456,-727,-1,-1,0
-157.77,153.86,-95.41,3684,-7455,-724,0,0,0
-157.77,153.86,-95.41,3687,-7452,-715,-1,-1,0
-157.79,153.86,-95.42,3682,-7463,-718,-1,-1,-1
-157.78,153.86,-95.43,3688,-7475,-729,-1,0,-1
-157.77,153.85,-95.42,3689,-7472,-724,0,0,-1
-157.77,153.85,-95.42,3693,-7458,-722,0,-1,0
-157.79,153.86,-95.43,3683,-7453,-713,-1,-1,0
-157.79,153.86,-95.44,3689,-7454,-717,0,0,-1
-157.79,153.86,-95.44,3691,-7465,-705,-1,0,-1
-157.79,153.85,-95.45,3696,-7470,-718,-1,0,0
-157.80,153.85,-95.46,3691,-7461,-735,-1,0,0
-157.80,153.85,-95.46,3678,-7457,-743,0,-1,-1
-157.80,153.85,-95.47,3679,-7450,-740,0,-1,-1
-157.79,153.85,-95.46,3690,-7460,-731,0,-1,0
-157.81,153.86,-95.47,3695,-7457,-717,-1,-1,0
-157.81,153.86,-95.47,3692,-7451,-718,-1,-1,0
-157.82,153.86,-95.48,3684,-7451,-719,-1,0,0
-157.82,153.86,-95.49,3686,-7450,-729,-1,0,-1
-157.82,153.85,-95.50,3690,-7461,-732,-1,0,-1
-157.82,153.84,-95.50,3688,-7456,-732,-1,0,0
-157.83,153.85,-95.51,3680,-7459,-741,0,-1,0
-157.84,153.85,-95.52,3672,-7456,-744,0,-1,-1
-157.84,153.85,-95.52,3686,-7460,-735,-1,-1,-1
-157.85,153.86,-95.52,3693,-7462,-734,-1,0,0
-157.85,153.85,-95.53,3683,-7457,-744,-1,0,0
-157.84,153.85,-95.53,3685,-7457,-747,0,0,-1
-157.83,153.84,-95.52,3685,-7460,-750,0,0,-1
-157.83,153.84,-95.52,3691,-7466,-743,0,-1,0
-157.84,153.85,-95.52,3692,-7461,-742,0,-1,0
-157.84,153.86,-95.51,3691,-7452,-736,0,-1,0
-157.84,153.86,-95.51,3677,-7457,-720,-1,-1,0
-157.84,153.86,-95.51,3678,-7464,-725,-1,0,-1
-157.83,153.85,-95.51,3686,-7464,-733,-1,0,-1
-157.82,153.84,-95.51,3693,-7462,-739,0,0,0
-157.83,153.84,-95.52,3690,-7459,-737,-1,-1,0
-157.85,153.86,-95.53,3683,-7462,-747,0,-1,0
-157.84,153.86,-95.51,3675,-7461,-745,0,0,-1
-157.82,153.85,-95.50,3684,-7461,-723,0,-1,-1
-157.82,153.85,-95.50,3693,-7458,-717,0,-1,0
-157.83,153.86,-95.49,3684,-7451,-717,0,-1,0
-157.82,153.86,-95.49,3682,-7454,-728,0,0,-1
-157.81,153.85,-95.48,3686,-7452,-719,0,-1,-1
-157.82,153.86,-95.49,3692,-7464,-719,-1,0,0
-157.82,153.86,-95.49,3686,-7465,-725,-1,0,0
-157.82,153.86,-95.49,3689,-7467,-732,0,0,-1
-157.81,153.85,-95.48,3691,-7460,-739,0,-1,0
-157.82,153.86,-95.49,3692,-7458,-732,0,-1,0
-157.82,153.86,-95.48,3699,-7451,-733,0,-1,0
-157.83,153.86,-95.50,3692,-7454,-730,-1,0,-1
-157.82,153.86,-95.50,3685,-7466,-722,-1,0,-1
-157.82,153.85,-95.49,3694,-7466,-731,-1,0,-1
-157.82,153.85,-95.49,3688,-7472,-738,-1,0,0
-157.82,153.85,-95.49,3687,-7457,-728,0,-1,-1
-157.82,153.85,-95.49,3694,-7456,-726,0,-1,0
-157.83,153.87,-95.49,3688,-7463,-726,0,-1,0
-157.82,153.87,-95.48,3687,-7465,-719,0,0,0
-157.83,153.87,-95.49,3679,-7469,-726,-1,0,-1
-157.82,153.86,-95.49,3686,-7465,-732,-1,0,-1
-157.82,153.85,-95.49,3690,-7455,-725,-1,0,-1
-157.82,153.85,-95.49,3694,-7461,-736,-1,0,0
-157.82,153.85,-95.49,3685,-7452,-735,0,-1,0
-157.82,153.86,-95.49,3679,-7455,-735,0,-1,0
-157.81,153.86,-95.48,3685,-7457,-732,0,-1,0
-157.82,153.86,-95.49,3677,-7462,-727,-1,-1,0
-157.83,153.87,-95.49,3673,-7465,-728,-1,0,-1
-157.82,153.86,-95.48,3679,-7472,-731,-1,0,0
-157.83,153.86,-95.49,3678,-7472,-737,-1,0,0
-157.83,153.86,-95.49,3676,-7475,-744,0,-1,-1
-157.83,153.87,-95.49,3682,-7463,-747,0,-1,0
-157.83,153.87,-95.49,3686,-7463,-742,0,-1,0
-157.84,153.88,-95.50,3687,-7468,-735,-1,-1,0
-157.84,153.88,-95.50,3684,-7460,-734,-1,0,0
-157.85,153.88,-95.51,3673,-7454,-733,-1,-1,0
-157.86,153.88,-95.52,3678,-7462,-740,-1,0,-1
-157.85,153.87,-95.52,3691,-7468,-750,-1,0,-1
-157.85,153.86,-95.53,3697,-7473,-744,-1,0,0
-157.86,153.86,-95.53,3696,-7467,-745,0,-1,0
-157.86,153.87,-95.53,3689,-7451,-750,0,-1,0
-157.88,153.88,-95.54,3686,-7460,-741,0,-1,0
-157.87,153.88,-95.54,3686,-7462,-730,0,-1,0
-157.87,153.88,-95.54,3685,-7450,-739,-1,0,-1
-157.88,153.88,-95.54,3677,-7456,-740,-1,0,-1
-157.87,153.87,-95.54,3685,-7451,-743,0,0,0
-157.88,153.88,-95.54,3682,-7457,-731,0,-1,0
-157.89,153.89,-95.55,3680,-7450,-733,0,-1,0
-157.90,153.89,-95.56,3679,-7449,-734,-1,-1,0
-157.90,153.88,-95.57,3677,-7458,-742,0,0,-1
-157.89,153.88,-95.56,3686,-7459,-739,0,0,-1
-157.89,153.88,-95.56,3691,-7461,-743,0,-1,0
-157.90,153.89,-95.56,3682,-7457,-737,0,-1,0
-157.91,153.89,-95.57,3680,-7454,-738,0,-1,0
-157.90,153.89,-95.57,3692,-7455,-728,-1,0,0
-157.90,153.89,-95.57,3688,-7456,-737,-1,0,0
-157.92,153.89,-95.58,3685,-7451,-746,-1,0,0
-157.91,153.89,-95.58,3677,-7451,-757,0,0,-1
-157.91,153.88,-95.58,3684,-7460,-754,0,-1,-1
-157.90,153.88,-95.58,3698,-7466,-754,0,-1,0
-157.91,153.88,-95.58,3699,-7466,-753,0,-1,0
-157.92,153.90,-95.59,3692,-7463,-756,0,-1,0
-157.93,153.90,-95.59,3681,-7457,-752,0,-1,-1
-157.93,153.90,-95.60,3680,-7457,-747,-1,0,-1
-157.93,153.89,-95.60,3690,-7460,-752,-1,0,-1
-157.93,153.88,-95.61,3689,-7458,-761,-1,0,0
-157.94,153.89,-95.61,3682,-7457,-764,0,0,0
-157.94,153.89,-95.62,3675,-7459,-758,0,-1,0
-157.94,153.90,-95.61,3681,-7457,-756,0,-1,0
-157.94,153.90,-95.62,3689,-7462,-745,-1,-1,0
-157.96,153.90,-95.62,3690,-7460,-742,-1,0,0
-157.96,153.90,-95.62,3685,-7453,-742,-1,0,0
-157.96,153.91,-95.62,3672,-7457,-757,-1,0,-1
-157.95,153.90,-95.62,3687,-7455,-755,0,0,-1
-157.94,153.90,-95.62,3685,-7457,-749,0,-1,0
-157.96,153.90,-95.62,3686,-7459,-742,0,-1,0
-157.97,153.92,-95.63,3676,-7455,-737,-1,-1,0
-157.98,153.92,-95.63,3676,-7448,-741,-1,-1,-1
-157.97,153.91,-95.64,3675,-7459,-744,-1,0,-1
-157.97,153.91,-95.64,3682,-7467,-751,-1,0,-1
-157.97,153.90,-95.64,3684,-7464,-760,-1,0,0
-157.97,153.90,-95.64,3683,-7461,-762,0,-1,0
-157.98,153.91,-95.65,3677,-7459,-769,0,-1,-1
-157.98,153.91,-95.65,3676,-7462,-758,0,-1,0
-157.98,153.91,-95.65,3679,-7461,-745,0,0,0
-157.98,153.91,-95.65,3674,-7461,-756,0,0,0
-157.97,153.91,-95.64,3671,-7457,-757,0,0,-1
-157.97,153.91,-95.64,3678,-7460,-762,0,-1,-1
-157.97,153.91,-95.64,3682,-7464,-755,-1,-1,-1
-157.97,153.91,-95.64,3685,-7467,-757,0,0,-1
-157.97,153.90,-95.65,3679,-7460,-765,0,0,0
-157.97,153.90,-95.65,3680,-7450,-758,0,-1,0
-157.97,153.90,-95.65,3676,-7457,-767,-1,-1,-1
-157.94,153.88,-95.64,3696,-7457,-760,0,0,-1
-157.93,153.87,-95.64,3698,-7462,-755,-1,-1,0
-157.94,153.89,-95.63,3688,-7457,-755,0,-1,0
-157.95,153.89,-95.63,3681,-7448,-749,0,-1,0
-157.94,153.88,-95.64,3685,-7454,-756,0,-1,-1
-157.92,153.87,-95.63,3699,-7459,-747,0,0,-1
-157.92,153.86,-95.63,3695,-7461,-751,-1,0,0
-157.92,153.86,-95.63,3687,-7463,-759,0,0,0
-157.91,153.86,-95.62,3685,-7459,-750,0,-1,-1
-157.90,153.85,-95.63,3699,-7458,-757,0,-1,-1
-157.90,153.85,-95.63,3706,-7457,-742,0,-1,0
-157.90,153.85,-95.63,3701,-7452,-745,0,0,0
-157.90,153.85,-95.63,3687,-7451,-745,0,-1,0
-157.90,153.85,-95.63,3685,-7449,-749,-1,-1,-1
-157.90,153.84,-95.63,3699,-7453,-747,-1,0,-1
-157.89,153.83,-95.64,3703,-7461,-744,-1,0,-1
-157.89,153.83,-95.64,3695,-7462,-750,-1,0,0
-157.89,153.83,-95.64,3688,-7456,-764,0,0,0
-157.89,153.83,-95.64,3691,-7453,-760,0,-1,-1
-157.89,153.83,-95.65,3699,-7450,-751,0,-1,-1
-157.89,153.83,-95.65,3699,-7450,-743,-1,-1,0
-157.90,153.83,-95.65,3696,-7455,-749,-1,0,0
-157.90,153.83,-95.66,3694,-7450,-760,-1,0,-1
-157.88,153.82,-95.65,3695,-7455,-757,0,0,-1
-157.88,153.81,-95.65,3700,-7459,-755,0,-1,-1
-157.88,153.81,-95.65,3703,-7455,-746,0,-1,0
-157.88,153.82,-95.65,3701,-7451,-745,0,-1,0
-157.88,153.82,-95.65,3695,-7448,-745,0,0,-1
-157.88,153.81,-95.65,3695,-7460,-744,-1,0,-1
-157.88,153.81,-95.65,3690,-7460,-753,-1,0,-1
-157.87,153.80,-95.65,3690,-7457,-755,-1,0,-1
-157.87,153.80,-95.65,3696,-7444,-757,0,-1,0
-157.87,153.81,-95.65,3697,-7446,-752,-1,-1,0
-157.87,153.81,-95.65,3691,-7450,-756,0,0,0
-157.87,153.81,-95.65,3686,-7459,-746,-1,-1,-1
-157.87,153.81,-95.65,3687,-7463,-754,-1,0,-1
-157.87,153.80,-95.65,3690,-7457,-758,0,0,0
-157.87,153.81,-95.65,3687,-7455,-755,0,-1,0
-157.87,153.80,-95.65,3693,-7451,-752,0,-1,-1
-157.87,153.80,-95.65,3689,-7453,-744,0,-1,-1
-157.86,153.80,-95.65,3696,-7460,-743,0,0,-1
-157.87,153.80,-95.65,3695,-7455,-748,-1,0,0
-157.88,153.81,-95.66,3682,-7452,-753,-1,0,-1
-157.87,153.79,-95.66,3685,-7455,-762,0,0,-1
-157.85,153.78,-95.66,3700,-7456,-769,0,0,-1
-157.85,153.79,-95.65,3696,-7444,-761,0,-1,0
-157.86,153.80,-95.66,3685,-7443,-754,0,-1,0
-157.86,153.80,-95.66,3687,-7448,-750,0,-1,-1
-157.85,153.79,-95.66,3698,-7461,-756,-1,0,-1
-157.85,153.79,-95.66,3701,-7459,-766,-1,0,0
-157.87,153.80,-95.66,3690,-7453,-766,-1,0,0
-157.87,153.79,-95.67,3686,-7457,-777,0,-1,-1
-157.86,153.78,-95.67,3701,-7455,-766,0,-1,-1
-157.86,153.78,-95.67,3713,-7456,-761,0,-1,0
-157.87,153.79,-95.67,3705,-7461,-761,0,-1,0
-157.88,153.80,-95.67,3694,-7457,-754,0,0,-1
-157.87,153.79,-95.67,3698,-7452,-747,0,0,-1
-157.85,153.78,-95.67,3710,-7450,-748,-1,-1,-1
-157.86,153.78,-95.68,3708,-7455,-755,-1,-1,0
-157.86,153.78,-95.68,3698,-7453,-759,-1,0,-1
-157.86,153.77,-95.68,3702,-7449,-752,-1,0,-1
-157.85,153.77,-95.68,3703,-7452,-758,-1,-1,-1
-157.85,153.77,-95.69,3706,-7453,-759,0,-1,0
-157.85,153.77,-95.69,3706,-7444,-754,-1,-1,0
-157.85,153.77,-95.69,3709,-7443,-747,0,0,-1
-157.84,153.76,-95.69,3707,-7451,-745,-1,0,-1
-157.84,153.76,-95.68,3709,-7443,-758,0,0,-1
-157.84,153.75,-95.68,3699,-7450,-757,0,-1,0
-157.83,153.75,-95.68,3698,-7449,-761,0,-1,-1
-157.83,153.76,-95.67,3704,-7448,-758,0,-1,0
-157.83,153.76,-95.68,3710,-7449,-747,0,-1,0
-157.83,153.76,-95.67,3704,-7448,-740,-1,0,0
-157.83,153.75,-95.67,3702,-7445,-753,-1,0,-1
-157.82,153.74,-95.68,3706,-7448,-745,-1,0,-1
-157.82,153.73,-95.68,3706,-7448,-752,-1,0,0
-157.82,153.73,-95.68,3708,-7437,-749,0,0,0
-157.83,153.74,-95.69,3705,-7441,-755,0,-1,-1
-157.82,153.73,-95.69,3710,-7454,-759,0,-1,-1
-157.82,153.73,-95.69,3705,-7450,-759,0,-1,0
-157.83,153.74,-95.69,3696,-7449,-746,-1,-1,0
-157.83,153.74,-95.70,3704,-7452,-743,-1,0,-1
-157.83,153.73,-95.70,3708,-7453,-744,-1,0,-1
-157.83,153.73,-95.70,3709,-7455,-758,-1,0,0
-157.84,153.74,-95.70,3701,-7445,-762,-1,-1,0
-157.85,153.74,-95.72,3692,-7446,-767,-1,-1,-1
-157.84,153.73,-95.72,3699,-7452,-760,0,0,-1
-157.84,153.73,-95.72,3708,-7450,-753,0,0,-1
-157.83,153.72,-95.71,3716,-7449,-751,0,-1,0
-157.85,153.74,-95.72,3712,-7438,-754,-1,-1,0
-157.86,153.74,-95.73,3705,-7443,-750,-1,-1,0
-157.86,153.74,-95.74,3709,-7446,-754,-1,0,-1
-157.86,153.73,-95.75,3708,-7447,-751,-1,0,0
-157.87,153.73,-95.76,3694,-7442,-770,-1,0,0
-157.88,153.73,-95.76,3690,-7441,-781,0,0,-1
-157.88,153.73,-95.77,3698,-7443,-788,0,-1,-1
-157.87,153.73,-95.77,3711,-7448,-769,0,-1,0
-157.88,153.74,-95.78,3715,-7450,-773,0,0,0
-157.90,153.75,-95.78,3704,-7442,-760,-1,-1,0
-157.90,153.75,-95.78,3701,-7443,-768,-1,0,-1
-157.89,153.73,-95.78,3708,-7443,-764,-1,0,-1
-157.90,153.73,-95.79,3705,-7448,-764,-1,0,-1
-157.89,153.73,-95.80,3713,-7446,-770,-1,0,-1
-157.89,153.73,-95.80,3713,-7444,-779,-1,-1,0
-157.90,153.72,-95.81,3716,-7441,-783,0,-1,0
-157.91,153.73,-95.82,3714,-7439,-780,-1,-1,0
-157.91,153.73,-95.82,3713,-7448,-786,-1,0,0
-157.92,153.73,-95.83,3707,-7450,-777,-1,0,-1
-157.91,153.72,-95.83,3703,-7455,-783,-1,0,-1
-157.90,153.71,-95.82,3697,-7450,-784,0,0,-1
-157.90,153.72,-95.82,3705,-7453,-778,0,-1,0
-157.91,153.73,-95.82,3714,-7447,-770,0,-1,0
-157.91,153.73,-95.82,3713,-7441,-763,0,-1,0
-157.91,153.73,-95.82,3710,-7443,-769,-1,0,0
-157.91,153.73,-95.82,3705,-7444,-775,-1,0,-1
-157.92,153.72,-95.84,3700,-7445,-789,-1,0,-1
-157.90,153.71,-95.84,3708,-7445,-789,-1,0,-1
-157.91,153.71,-95.84,3716,-7454,-791,-1,-1,0
-157.92,153.72,-95.85,3705,-7452,-790,0,-1,0
-157.92,153.72,-95.85,3703,-7447,-794,0,-1,0
-157.93,153.72,-95.85,3707,-7445,-794,0,-1,0
-157.92,153.73,-95.85,3704,-7444,-779,0,-1,0
-157.92,153.73,-95.85,3704,-7442,-788,0,-1,0
-157.92,153.73,-95.85,3706,-7441,-779,-1,-1,0
-157.92,153.73,-95.85,3701,-7444,-780,0,0,0
-157.93,153.73,-95.85,3701,-7444,-774,-1,-1,0
-157.93,153.73,-95.86,3707,-7446,-783,-1,0,-1
-157.93,153.72,-95.86,3707,-7442,-787,0,0,-1
-157.92,153.72,-95.86,3714,-7443,-787,0,0,0
-157.93,153.72,-95.85,3713,-7445,-790,0,-1,0
-157.93,153.73,-95.86,3708,-7443,-785,0,-1,0
-157.93,153.73,-95.86,3709,-7448,-772,0,-1,-1
-157.93,153.73,-95.86,3715,-7449,-763,-1,0,0
-157.94,153.73,-95.86,3705,-7445,-777,-1,0,0
-157.94,153.73,-95.87,3692,-7446,-790,-1,0,-1
-157.93,153.72,-95.86,3696,-7445,-789,0,0,-1
-157.93,153.72,-95.87,3703,-7452,-784,0,-1,0
-157.93,153.72,-95.86,3714,-7453,-782,0,-1,0
-157.93,153.73,-95.86,3713,-7449,-776,0,-1,0
-157.94,153.74,-95.86,3709,-7447,-772,-1,-1,0
-157.94,153.73,-95.86,3705,-7449,-777,-1,0,-1
-157.94,153.73,-95.86,3709,-7445,-780,-1,0,-1
-157.93,153.72,-95.87,3719,-7446,-783,-1,0,-1
-157.93,153.71,-95.87,3723,-7447,-778,-1,0,0
-157.93,153.71,-95.87,3710,-7443,-784,0,-1,0
-157.93,153.72,-95.87,3709,-7446,-787,0,-1,0
-157.93,153.72,-95.87,3707,-7444,-783,0,-1,0
-157.94,153.73,-95.88,3709,-7454,-785,-1,0,-1
-157.93,153.72,-95.87,3716,-7448,-787,-1,0,-1
-157.93,153.72,-95.87,3714,-7450,-792,-1,0,0
-157.94,153.73,-95.87,3701,-7448,-789,0,0,0
-157.93,153.72,-95.87,3705,-7451,-799,0,0,-1
-157.92,153.71,-95.86,3714,-7452,-792,0,-1,-1
-157.91,153.71,-95.85,3719,-7451,-786,0,-1,0
-157.91,153.72,-95.84,3718,-7445,-780,0,-1,0
-157.92,153.73,-95.85,3708,-7445,-784,0,-1,0
-157.92,153.73,-95.85,3707,-7443,-773,0,0,0
-157.92,153.73,-95.85,3706,-7455,-773,-1,0,-1
-157.92,153.72,-95.86,3702,-7458,-787,-1,0,-1
-157.91,153.72,-95.85,3702,-7442,-789,-1,0,0
-157.92,153.72,-95.86,3697,-7445,-795,0,-1,-1
-157.91,153.72,-95.84,3706,-7444,-784,0,-1,-1
-157.91,153.71,-95.84,3716,-7444,-785,0,-1,0
-157.92,153.73,-95.85,3714,-7442,-784,0,-1,0
-157.92,153.73,-95.84,3705,-7442,-782,0,-1,0
-157.93,153.74,-95.84,3698,-7446,-780,0,-1,0
-157.93,153.74,-95.84,3698,-7451,-774,-1,0,-1
-157.91,153.73,-95.84,3706,-7450,-769,-1,0,-1
-157.92,153.73,-95.84,3705,-7448,-784,0,0,0
-157.93,153.74,-95.85,3699,-7443,-785,0,-1,0
-157.93,153.73,-95.85,3699,-7444,-780,0,-1,-1
-157.93,153.73,-95.85,3700,-7456,-780,0,0,0
-157.93,153.74,-95.84,3702,-7457,-781,0,0,0
-157.92,153.74,-95.84,3696,-7444,-784,0,-1,0
-157.93,153.75,-95.84,3698,-7443,-776,0,-1,-1
-157.93,153.74,-95.84,3710,-7444,-771,0,-1,-1
-157.92,153.74,-95.84,3714,-7451,-771,-1,0,0
-157.93,153.74,-95.84,3711,-7452,-776,-1,0,0
-157.94,153.75,-95.85,3700,-7450,-786,-1,0,-1
-157.93,153.74,-95.84,3699,-7448,-792,0,0,-1
-157.92,153.73,-95.84,3706,-7451,-786,0,-1,-1
-157.93,153.74,-95.84,3711,-7451,-783,0,-1,0
-157.94,153.75,-95.84,3703,-7446,-782,0,-1,0
-157.95,153.76,-95.84,3684,-7450,-787,0,-1,0
-157.94,153.76,-95.84,3689,-7444,-780,-1,0,-1
-157.94,153.75,-95.85,3695,-7455,-784,-1,0,-1
-157.94,153.75,-95.85,3705,-7460,-780,-1,0,-1
-157.93,153.74,-95.85,3713,-7462,-772,-1,0,0
-157.93,153.74,-95.85,3707,-7450,-778,0,-1,0
-157.95,153.75,-95.86,3698,-7450,-791,0,-1,0
-157.96,153.76,-95.86,3694,-7450,-788,0,-1,-1
-157.94,153.75,-95.85,3699,-7445,-782,0,0,-1
-157.95,153.75,-95.86,3706,-7451,-784,-1,0,0
-157.95,153.76,-95.86,3705,-7453,-784,-1,0,0
-157.96,153.76,-95.87,3706,-7455,-787,0,0,0
-157.96,153.76,-95.86,3705,-7446,-780,0,-1,0
-157.97,153.77,-95.87,3703,-7445,-784,0,-1,0
-157.97,153.77,-95.88,3705,-7442,-793,0,-1,-1
-157.98,153.77,-95.89,3707,-7442,-780,-1,-1,0
-157.99,153.77,-95.90,3700,-7445,-783,-1,0,0
-157.99,153.76,-95.90,3698,-7443,-790,-1,0,-1
-157.99,153.76,-95.92,3706,-7453,-791,-1,0,-1
-158.00,153.75,-95.92,3699,-7445,-790,-1,0,-1
-158.00,153.75,-95.93,3704,-7450,-794,0,-1,-1
-157.99,153.75,-95.92,3709,-7446,-794,0,-1,0
-158.01,153.76,-95.93,3704,-7448,-798,0,-1,0
-158.01,153.76,-95.94,3696,-7447,-800,0,-1,-1
-158.00,153.76,-95.93,3700,-7451,-796,0,0,-1
-158.00,153.75,-95.93,3699,-7448,-803,0,0,-1
-157.99,153.74,-95.92,3706,-7458,-798,0,0,-1
-157.99,153.74,-95.92,3705,-7449,-803,0,0,-1
-157.98,153.74,-95.92,3708,-7451,-792,0,-1,-1
-157.97,153.75,-95.91,3709,-7451,-780,0,-1,0
-157.97,153.75,-95.91,3702,-7449,-773,0,-1,0
-157.98,153.75,-95.92,3699,-7447,-776,-1,0,0
-157.98,153.75,-95.91,3693,-7450,-784,-1,0,-1
-157.96,153.73,-95.91,3706,-7460,-783,-1,0,-1
-157.93,153.71,-95.90,3722,-7454,-791,0,0,-1
-157.93,153.71,-95.90,3722,-7447,-780,0,-1,0
-157.95,153.73,-95.90,3712,-7443,-783,0,-1,0
-157.95,153.73,-95.89,3701,-7438,-765,0,-1,0
-157.95,153.73,-95.91,3702,-7446,-774,-1,0,-1
-157.94,153.72,-95.90,3704,-7446,-778,-1,1,-1
-157.94,153.71,-95.90,3698,-7450,-786,-1,0,-1
-157.94,153.70,-95.91,3699,-7456,-802,-1,0,-1
-157.93,153.70,-95.91,3714,-7449,-806,0,-1,-1
-157.94,153.70,-95.92,3719,-7449,-800,0,-1,0
-157.95,153.71,-95.92,3707,-7445,-795,0,-1,0
-157.95,153.71,-95.92,3708,-7433,-779,0,-1,-1
-157.94,153.71,-95.92,3709,-7440,-770,-1,0,-1
-157.93,153.70,-95.92,3707,-7448,-778,-1,0,-1
-157.93,153.69,-95.93,3712,-7449,-788,-1,0,-1
-157.93,153.69,-95.93,3711,-7443,-790,-1,0,-1
-157.93,153.68,-95.93,3704,-7436,-792,-1,-1,0
-157.94,153.69,-95.94,3707,-7437,-799,0,-1,0
-157.94,153.69,-95.94,3718,-7436,-804,0,-1,-1
-157.93,153.68,-95.94,3717,-7437,-790,0,-1,0
-157.94,153.69,-95.95,3710,-7442,-795,-1,0,0
-157.94,153.69,-95.94,3706,-7447,-791,-1,0,-1
-157.94,153.69,-95.94,3710,-7448,-796,0,0,-1
-157.93,153.68,-95.94,3712,-7441,-785,0,-1,-1
-157.93,153.68,-95.94,3712,-7443,-784,0,-1,0
-157.93,153.68,-95.94,3710,-7438,-789,0,-1,0
-157.94,153.69,-95.94,3704,-7439,-787,-1,-1,0
-157.94,153.69,-95.95,3705,-7446,-794,-1,0,-1
-157.94,153.68,-95.95,3710,-7441,-795,-1,0,-1
-157.93,153.67,-95.95,3701,-7447,-797,-1,0,-1
-157.94,153.68,-95.96,3707,-7445,-809,-1,0,0
-157.93,153.67,-95.96,3710,-7447,-806,0,-1,-1
-157.93,153.67,-95.96,3710,-7449,-794,0,-1,0
-157.94,153.68,-95.96,3710,-7447,-794,0,-1,0
-157.94,153.68,-95.96,3712,-7445,-787,0,0,0
-157.94,153.68,-95.96,3705,-7442,-783,-1,0,0
-157.94,153.68,-95.96,3699,-7448,-798,-1,0,-1
-157.93,153.67,-95.96,3702,-7447,-797,0,0,-1
-157.93,153.67,-95.96,3711,-7435,-794,0,-1,-1
-157.93,153.67,-95.96,3722,-7441,-802,0,0,0
-157.94,153.67,-95.97,3718,-7448,-792,-1,-1,-1
-157.93,153.66,-95.96,3716,-7454,-804,0,0,-1
-157.92,153.66,-95.96,3721,-7439,-787,-1,0,0
-157.93,153.66,-95.97,3712,-7445,-806,-1,-1,-1
-157.91,153.65,-95.96,3708,-7444,-813,0,0,-1
-157.89,153.64,-95.95,3724,-7443,-804,0,0,-1
-157.89,153.65,-95.94,3721,-7442,-794,0,-1,0
-157.91,153.66,-95.95,3704,-7434,-791,0,-1,0
-157.90,153.65,-95.94,3704,-7437,-798,0,-1,-1
-157.89,153.65,-95.94,3713,-7433,-778,-1,0,-1
