RED,IR,EKG,TIME
26862,52533,9
26844,52513,5
26836,52487,5
26841,52514,8
26835,52459,5
26825,52452,5
26825,52462,8
26810,52451,5
26810,52451,5
26810,52466,5
26813,52445,8
26806,52440,5
26804,52436,5
26815,52439,8
26818,52456,5
26816,52461,5
26822,52422,9
26901,52617,5
26821,52453,5
26820,52454,5
26817,52446,8
26817,52446,5
26785,52452,5
26814,52456,8
26816,52468,5
26825,52475,5
26825,52462,5
26819,52445,8
26816,52443,5
26814,52457,5
26819,52457,8
26823,52458,5
26807,52437,5
26817,52449,8
26817,52449,5
26812,52450,5
26821,52448,5
26817,52469,8
26819,52464,5
26821,52446,5
26820,52457,8
26821,52449,5
26834,52453,5
26802,52444,5
26819,52440,8
26822,52445,5
26823,52449,5
26814,52459,8
26814,52459,5
26817,52463,5
26821,52423,8
26822,52443,5
26820,52452,5
26849,52467,5
26842,52455,8
26799,52457,5
26823,52457,5
26816,52446,8
26807,52443,5
26813,52432,5
26798,52414,5
26790,52405,8
26790,52405,5
26789,52395,5
26804,52406,8
26798,52407,5
26795,52402,5
26778,52416,5
26804,52423,8
26807,52441,5
26809,52436,5
26802,52423,8
26810,52425,5
26801,52436,5
26819,52444,8
26819,52444,5
26816,52435,5
26813,52439,5
26811,52427,8
26803,52426,5
26795,52415,5
26801,52435,8
26800,52399,5
26778,52360,5
26784,52388,5
26766,52371,8
26766,52371,5
26776,52383,5
26771,52374,8
26777,52369,5
26776,52358,5
26775,52359,8
26775,52366,5
26775,52352,5
26767,52306,10
26756,52325,9
26756,52325,5
26757,52314,8
26747,52320,5
26748,52306,5
26714,52313,7
26729,52309,0
26740,52305,3
26749,52296,5
26743,52298,6
26743,52300,4
26749,52314,4
26757,52316,5
26740,52298,5
26736,52297,5
26743,52306,5
26746,52310,4
26751,52320,5
26741,52316,5
26752,52316,5
26749,52313,5
26746,52309,4
26747,52299,5
26739,52292,5
26725,52279,5
26725,52277,4
26726,52274,4
26733,52276,5
26736,52289,5
26731,52275,5
26726,52285,5
26736,52285,4
26741,52287,5
26740,52299,5
26737,52295,5
26742,52299,4
26743,52291,5
26743,52298,5
26734,52301,5
26736,52306,5
26738,52313,4
26750,52290,5
26732,52283,5
26734,52270,5
26726,52272,5
26722,52272,4
26732,52291,5
26733,52297,5
26745,52295,5
26741,52296,4
26739,52287,4
26731,52281,5
26731,52271,5
26731,52289,5
26738,52294,4
26749,52305,6
26741,52317,4
26743,52286,5
26735,52290,5
26731,52285,4
26727,52271,5
26730,52280,5
26727,52289,5
26737,52285,5
26731,52287,4
26733,52286,5
26726,52268,5
26730,52272,5
26726,52272,5
26728,52284,4
26740,52301,5
26741,52303,5
26742,52304,5
26743,52316,5
26753,52333,4
26752,52328,5
26756,52337,5
26753,52345,5
26762,52350,4
26764,52347,5
26762,52346,6
26765,52348,4
26765,52354,5
26754,52341,4
26764,52336,5
26761,52328,5
26750,52318,5
26743,52294,5
26731,52296,4
26740,52299,5
26730,52284,5
26739,52286,5
26730,52284,5
26732,52276,4
26735,52289,5
26735,52280,5
26737,52288,5
26730,52290,5
26741,52278,4
26727,52287,5
26734,52281,5
26724,52280,5
26730,52290,4
26737,52286,5
26737,52287,5
26737,52290,5
26733,52289,5
26734,52279,4
26734,52276,5
26713,52258,5
26716,52258,5
26719,52258,5
26726,52266,4
26722,52266,5
26726,52272,5
26723,52273,5
26717,52260,5
26713,52252,4
26709,52244,5
26716,52244,5
26703,52245,5
26713,52256,5
26716,52262,4
26719,52258,5
26725,52267,5
26724,52260,5
26714,52259,5
26715,52276,4
26722,52273,5
26713,52247,5
26718,52248,5
26712,52247,4
26716,52248,5
26712,52249,5
26711,52260,5
26720,52267,5
26724,52267,4
26722,52278,5
26723,52283,5
26730,52279,5
26728,52289,5
26741,52294,4
26729,52299,5
26739,52304,5
26736,52305,5
26747,52308,5
26740,52309,4
26743,52315,6
26748,52318,4
26741,52313,5
26746,52314,4
26744,52305,6
26740,52303,3
26739,52308,5
26742,52306,5
26744,52302,4
26733,52301,5
26733,52288,5
26737,52288,5
26733,52282,5
26724,52277,4
26723,52275,5
26713,52264,5
26717,52265,5
26718,52265,5
26714,52273,4
26715,52262,5
26722,52263,5
26714,52272,5
26732,52288,5
26735,52289,4
26738,52296,5
26742,52304,6
26732,52300,4
26736,52294,5
26733,52299,4
26738,52296,5
26726,52298,5
26736,52292,5
26739,52300,4
26747,52294,5
26735,52286,5
26728,52285,5
26713,52264,5
26708,52251,4
26709,52243,5
26710,52230,5
26696,52215,5
26691,52201,5
26692,52202,4
26689,52196,5
26683,52209,5
26688,52204,5
26691,52210,5
26695,52206,4
26698,52206,5
26695,52203,5
26692,52204,6
26684,52204,4
26689,52195,4
26683,52196,5
26693,52193,5
26682,52195,5
26685,52194,4
26680,52177,5
26683,52173,5
26677,52183,5
26680,52189,5
26689,52191,4
26687,52192,5
26682,52196,5
26692,52189,5
26684,52201,5
26681,52195,4
26692,52210,5
26688,52212,5
26699,52221,5
26703,52225,5
26693,52220,5
26705,52221,4
26703,52217,5
26699,52220,5
26698,52224,6
26699,52213,3
26699,52219,5
26700,52224,5
26694,52222,5
26691,52227,4
26701,52218,4
26699,52223,5
26693,52221,5
26699,52222,5
26702,52237,4
26709,52243,5
26709,52244,5
26703,52247,5
26715,52245,5
26713,52250,4
26706,52252,5
26712,52250,5
26717,52253,5
26710,52260,5
26711,52261,4
26715,52258,6
26718,52262,4
26713,52255,5
26715,52255,5
26713,52262,4
26708,52256,5
26716,52265,5
26719,52257,5
26712,52251,4
26710,52256,4
26705,52244,5
26697,52236,5
26699,52233,5
26701,52217,4
26697,52221,5
26696,52228,5
26704,52232,5
26702,52227,5
26695,52244,4
26699,52243,5
26713,52246,5
26710,52256,5
26707,52260,5
26713,52257,4
26721,52266,5
26714,52268,6
26715,52275,4
26723,52285,5
26726,52283,4
26718,52277,5
26724,52264,5
26717,52274,5
26718,52258,5
26720,52259,4
26707,52246,8
26703,52223,2
26696,52230,5
26716,52209,4
26686,52203,5
26685,52196,5
26684,52198,5
26684,52190,5
26687,52204,4
26683,52203,5
26684,52202,5
26694,52203,5
26693,52207,5
26688,52216,4
26684,52208,5
26688,52209,5
26697,52206,6
26695,52215,4
26688,52208,4
26686,52209,5
26685,52216,5
26689,52222,5
26689,52225,5
26693,52221,4
26687,52227,5
26700,52225,5
26699,52230,5
26709,52232,4
26701,52227,4
26699,52225,5
26694,52241,5
26696,52243,5
26703,52239,4
26704,52255,5
26710,52247,5
26710,52255,5
26710,52247,5
26720,52254,5
26718,52262,4
26716,52259,5
26712,52268,5
26713,52253,5
26717,52268,4
26719,52264,5
26712,52269,5
26721,52263,5
26722,52273,5
26719,52274,4
26722,52290,5
26724,52295,5
26726,52293,5
26726,52289,4
26725,52301,4
26739,52294,5
26738,52303,5
26730,52306,5
26729,52299,4
26730,52294,5
26735,52310,5
26736,52305,5
26739,52313,5
26732,52306,4
26741,52311,6
26739,52308,4
26735,52319,5
26740,52320,5
26738,52320,4
26742,52316,5
26734,52313,5
26733,52308,5
26737,52302,5
26726,52290,4
26716,52287,5
26727,52291,5
26716,52286,5
26717,52276,5
26712,52274,4
26722,52279,5
26722,52278,5
26721,52273,5
26708,52277,4
26717,52274,5
26720,52279,5
26719,52286,5
26724,52289,5
26727,52294,4
26727,52292,5
26730,52299,6
26726,52306,4
26727,52306,5
26728,52298,4
26724,52301,5
26728,52293,5
26733,52302,5
26726,52295,5
26722,52281,4
26721,52272,5
26711,52270,5
26710,52265,5
26701,52253,5
26706,52262,4
26706,52256,5
26701,52255,5
26707,52251,5
26709,52255,4
26698,52254,4
26709,52244,5
26707,52248,5
26710,52253,5
26712,52254,4
26711,52242,5
26713,52256,5
26707,52248,6
26712,52253,4
26713,52261,4
26713,52255,5
26707,52257,5
26707,52249,5
26710,52260,5
26710,52255,4
26705,52259,5
26709,52243,5
26710,52253,5
26706,52251,5
26713,52265,4
26709,52262,5
26714,52265,5
26715,52274,5
26712,52271,4
26718,52281,4
26721,52281,5
26722,52268,5
26707,52268,5
26716,52270,5
26720,52276,4
26712,52278,5
26714,52270,5
26723,52274,5
26715,52269,4
26718,52278,5
26719,52274,5
26710,52276,5
26721,52277,5
26723,52281,4
26711,52276,5
26716,52268,5
26713,52273,5
26723,52276,5
26722,52286,4
26722,52285,5
26720,52293,5
26725,52295,5
26727,52296,5
26731,52299,4
26727,52297,5
26736,52303,5
26723,52303,5
26729,52290,4
26729,52298,6
26726,52306,4
26732,52300,5
26737,52309,5
26734,52310,4
26741,52301,5
26738,52301,5
26737,52301,5
26742,52315,5
26732,52308,4
26735,52317,5
26735,52316,5
26741,52309,5
26730,52307,5
26734,52307,4
26739,52311,5
26742,52305,5
26731,52311,5
26738,52303,5
26736,52309,4
26735,52301,5
26739,52313,5
26732,52305,5
26733,52305,4
26729,52303,5
26731,52304,6
26733,52298,4
26722,52294,5
26723,52285,4
26721,52291,5
26727,52286,5
26735,52285,5
26717,52288,5
26718,52285,4
26729,52290,5
26724,52284,5
26726,52298,5
26723,52292,5
26732,52301,4
26725,52304,5
26740,52309,5
26739,52311,5
26742,52314,5
26744,52329,4
26748,52331,5
26751,52338,5
26758,52345,5
26750,52341,3
26751,52340,4
26744,52340,5
26745,52329,5
26748,52323,5
26731,52295,4
26722,52289,5
26711,52272,5
26722,52259,5
26707,52265,5
26706,52271,4
26707,52268,5
26716,52262,5
26712,52265,5
26716,52265,5
26718,52260,4
26722,52271,5
26715,52279,5
26716,52276,5
26719,52277,5
26723,52277,5
26724,52278,4
26712,52269,5
26716,52279,5
26720,52277,6
26725,52267,3
26716,52273,5
26722,52283,5
26727,52274,5
26719,52267,4
26715,52267,5
26721,52269,5
26710,52272,5
26716,52269,5
26726,52269,4
26721,52266,5
26713,52272,5
26722,52274,5
26715,52268,5
26723,52276,4
26712,52265,5
26721,52275,5
26721,52281,5
26723,52277,5
26720,52273,4
26724,52271,6
26718,52271,4
26726,52284,5
26723,52280,5
26728,52290,6
26728,52289,3
26716,52280,5
26728,52280,5
26726,52285,4
26726,52286,5
26729,52286,5
26728,52284,5
26727,52288,5
26725,52283,4
26724,52291,5
26729,52288,5
26733,52295,5
26725,52292,5
26738,52305,4
26727,52295,5
26732,52298,5
26724,52297,5
26726,52300,5
26736,52295,4
26734,52305,5
26734,52302,6
26738,52299,4
26730,52302,5
26732,52303,4
26725,52306,5
26737,52314,5
26735,52307,5
26732,52306,4
26742,52306,4
26741,52310,5
26732,52311,5
26725,52305,5
26735,52305,4
26737,52309,5
26732,52313,5
26740,52311,5
26731,52310,5
26733,52312,4
26736,52308,5
26739,52302,5
26742,52304,5
26735,52312,5
26738,52314,4
26739,52314,5
26730,52309,5
26737,52302,6
26736,52309,4
26731,52304,4
26736,52309,5
26728,52302,5
26728,52295,5
26728,52291,4
26731,52292,4
26729,52291,5
26728,52296,5
26729,52292,5
26720,52290,4
26729,52292,5
26728,52291,5
26733,52300,5
26723,52307,5
26737,52304,4
26732,52308,5
26741,52312,5
26745,52326,5
26741,52331,5
26746,52341,5
26747,52330,4
26743,52334,5
26750,52333,5
26743,52330,6
26749,52324,3
26739,52326,5
26744,52313,5
26728,52298,5
26722,52287,5
26719,52275,4
26723,52272,5
26716,52264,5
26722,52265,5
26717,52256,4
26713,52256,5
26716,52267,5
26717,52266,5
26703,52262,5
26715,52260,4
26723,52271,5
26721,52268,5
26718,52269,5
26721,52273,5
26719,52279,4
26721,52276,6
26719,52284,4
26728,52266,5
26718,52274,5
26718,52271,4
26721,52263,5
26720,52272,5
26721,52272,5
26720,52272,5
26720,52268,4
26720,52262,5
26717,52263,5
26725,52267,5
26715,52264,4
26723,52271,4
26719,52271,5
26712,52272,5
26721,52281,5
26721,52276,4
26716,52262,5
26714,52273,5
26722,52269,5
26717,52263,5
26715,52270,4
26721,52270,5
26712,52267,6
26718,52266,4
26724,52275,5
26723,52276,4
26721,52271,5
26722,52287,5
26723,52280,5
26719,52287,5
26722,52287,4
26721,52291,5
26722,52281,5
26721,52283,5
26725,52290,4
26721,52286,4
26723,52284,5
26720,52287,5
26723,52289,5
26730,52296,4
26734,52301,5
26726,52299,5
26733,52298,5
26738,52304,5
26725,52296,4
26730,52300,5
26730,52293,5
26733,52295,6
26729,52298,4
26734,52294,4
26731,52291,5
26733,52307,5
26729,52304,5
26733,52304,5
26731,52294,4
26731,52301,5
26728,52294,5
26735,52295,5
26720,52295,4
26730,52294,4
26733,52284,5
26721,52288,5
26727,52292,5
26727,52288,4
26729,52294,5
26730,52283,5
26725,52291,5
26721,52279,5
26724,52280,10
26716,52278,4
26717,52260,5
26714,52254,5
26714,52257,4
26709,52258,5
26710,52250,5
26709,52246,5
26707,52251,5
26704,52251,4
26706,52256,5
26710,52261,5
26707,52262,5
26711,52256,5
26717,52262,4
26707,52277,5
26714,52265,5
26719,52275,5
26717,52280,4
26717,52274,5
26724,52274,5
26714,52284,5
26715,52273,5
26712,52276,4
26721,52278,6
26720,52271,4
26711,52258,5
26710,52246,5
26700,52236,4
26689,52231,5
26697,52223,5
26705,52220,5
26693,52220,5
26691,52219,4
26694,52219,5
26698,52216,5
26694,52223,5
26700,52225,5
26696,52238,4
26691,52232,5
26703,52249,5
26697,52244,5
26695,52241,4
26699,52247,5
26701,52242,5
26697,52233,5
26704,52239,5
26706,52239,4
26710,52239,5
26696,52243,6
26705,52231,4
26699,52231,5
26693,52239,4
26704,52232,5
26701,52235,5
26694,52240,5
26698,52238,5
26694,52232,4
26705,52238,5
26702,52248,5
26702,52243,5
26699,52246,5
26698,52245,4
26701,52236,5
26704,52244,5
26703,52247,5
26711,52238,4
26706,52251,4
26702,52243,5
26710,52245,5
26710,52258,5
26709,52255,4
26716,52255,5
26718,52263,5
26719,52264,5
26718,52270,5
26712,52265,4
26725,52279,5
26709,52276,5
26718,52276,5
26720,52275,5
26717,52280,4
26716,52284,5
26728,52282,5
26724,52290,5
26727,52301,5
26730,52293,4
26732,52301,5
26730,52300,5
26734,52302,5
26739,52300,5
26738,52308,4
26739,52305,5
26738,52312,5
26741,52301,5
26738,52298,5
26734,52312,4
26732,52313,5
26741,52311,5
26742,52311,5
26738,52318,4
26734,52317,5
26733,52301,5
26738,52310,5
26737,52306,5
26736,52296,4
26731,52291,5
26726,52294,5
26724,52285,5
26726,52288,5
26728,52291,4
26727,52290,5
26729,52286,5
26740,52282,5
26728,52286,5
26730,52291,4
26732,52292,5
26729,52297,5
26737,52309,5
26733,52309,4
26735,52318,5
26738,52313,4
26745,52314,5
26737,52315,5
26746,52323,4
26741,52316,5
26740,52316,5
26739,52323,5
26744,52317,5
26731,52316,4
26734,52292,5
26718,52291,5
26720,52278,5
26709,52274,5
26710,52267,4
26715,52266,5
26726,52267,5
26722,52278,5
26716,52281,5
26729,52289,4
26728,52299,5
26722,52309,5
26742,52304,4
26730,52308,4
26731,52308,4
26731,52307,5
26747,52313,5
26733,52311,5
26740,52304,4
26735,52314,5
26737,52315,5
26734,52309,5
26730,52316,5
26737,52317,4
26741,52319,5
26744,52314,5
26738,52317,5
26741,52302,5
26737,52305,4
26730,52295,5
26725,52308,5
26731,52298,5
26729,52304,5
26733,52312,4
26734,52304,5
26730,52308,5
26737,52310,6
26733,52314,3
26735,52312,4
26740,52309,5
26733,52312,5
26733,52313,5
26738,52318,4
26737,52306,5
26739,52314,5
26745,52318,5
26746,52310,5
26747,52317,4
26742,52316,5
26741,52323,5
26738,52330,5
26745,52328,5
26748,52338,4
26748,52347,5
26746,52355,5
26759,52363,5
26760,52358,5
26757,52351,5
26758,52367,4
26760,52355,5
26764,52368,5
26766,52377,6
26770,52368,3
26761,52366,5
26767,52376,5
26775,52383,5
26763,52378,4
26765,52382,5
26771,52382,5
26772,52374,5
26764,52369,5
26769,52370,4
26766,52362,5
26755,52358,5
26760,52352,5
26755,52360,5
26758,52342,4
26747,52348,5
26756,52346,5
26756,52346,5
26755,52347,5
26747,52341,4
26747,52349,6
26755,52351,4
26756,52359,5
26762,52368,5
26764,52373,6
26766,52379,3
26763,52382,5
26768,52392,5
26772,52387,4
26769,52388,5
26768,52390,5
26770,52388,5
26769,52381,5
26768,52387,4
26777,52382,5
26757,52371,5
26752,52359,5
26756,52362,5
26757,52344,4
26754,52352,5
26749,52355,5
26753,52361,5
26764,52358,5
26751,52360,4
26760,52364,5
26769,52372,6
26766,52379,4
26767,52376,5
26772,52385,4
26780,52394,5
26774,52386,5
26775,52388,5
26781,52395,4
26771,52389,4
26780,52400,5
26779,52387,5
26777,52398,5
26775,52395,4
26778,52394,5
26785,52392,5
26780,52403,5
26780,52392,5
26772,52401,4
26773,52396,5
26785,52405,5
26777,52412,5
26782,52409,5
26784,52406,4
26791,52419,5
26785,52414,5
26790,52428,6
26789,52411,4
26785,52426,4
26788,52421,5
26791,52423,5
26785,52425,5
26792,52431,5
26780,52421,4
26798,52428,5
26783,52422,5
26794,52430,5
26787,52433,4
26794,52430,5
26788,52432,5
26791,52432,5
26793,52438,5
26800,52442,4
26792,52451,5
26797,52445,5
26800,52458,5
26801,52450,5
26808,52458,5
26809,52458,4
26809,52468,5
26805,52466,5
26806,52472,6
26803,52475,3
26818,52463,5
26814,52459,5
26810,52458,5
26808,52465,5
26802,52460,4
26800,52444,5
26798,52450,5
26792,52445,5
26795,52451,4
26796,52442,5
26790,52436,5
26790,52440,5
26794,52435,5
26798,52435,4
26794,52432,5
26794,52433,5
26798,52434,5
26794,52438,5
26793,52434,4
26793,52431,6
26796,52441,4
26797,52447,5
26786,52442,5
26797,52431,4
26788,52433,5
26790,52437,5
26784,52419,5
26780,52416,5
26770,52402,4
26778,52394,5
26777,52381,5
26763,52390,5
26766,52382,4
26764,52379,4
26764,52376,5
26764,52371,5
26763,52370,5
26766,52376,4
26764,52381,5
26763,52382,5
26770,52387,5
26772,52384,5
26773,52388,4
26774,52395,5
26773,52390,6
26766,52390,4
26771,52381,5
26763,52385,4
26760,52375,5
26769,52383,5
26758,52370,5
26766,52373,5
26757,52370,4
26758,52367,5
26760,52372,5
26760,52372,5
26755,52363,4
26754,52372,4
26759,52373,5
26759,52373,5
26761,52370,5
26758,52376,4
26767,52368,5
26754,52367,5
26758,52361,5
26756,52364,5
26754,52365,4
26753,52360,5
26760,52363,5
26750,52358,6
26763,52365,4
26760,52359,4
26762,52370,5
26769,52356,5
26759,52363,5
26750,52359,5
26758,52368,4
26759,52361,5
26753,52368,5
26757,52369,5
26762,52369,5
26764,52378,4
26761,52372,5
26769,52375,5
26761,52375,5
26767,52379,4
26760,52379,5
26776,52386,5
26764,52387,5
26772,52387,5
26775,52387,5
26765,52391,4
26759,52375,5
26769,52382,5
26763,52373,5
26763,52374,4
26757,52371,5
26755,52364,5
26750,52348,5
26757,52348,5
26751,52340,4
26742,52340,5
26746,52333,5
26745,52331,5
26747,52320,5
26744,52332,4
26737,52327,5
26739,52340,5
26738,52337,5
26741,52348,4
26751,52351,5
26744,52360,5
26763,52361,5
26767,52372,5
26767,52374,4
26764,52374,6
26774,52385,4
26767,52372,5
26765,52379,5
26763,52374,4
26764,52360,5
26749,52340,5
26750,52333,5
26736,52313,5
26733,52310,4
26724,52299,5
26725,52285,5
26726,52287,5
26726,52295,8
26727,52291,1
26728,52297,5
26732,52296,5
26704,52300,5
26733,52294,4
26744,52297,5
26727,52307,5
26732,52301,5
26733,52308,5
26731,52304,4
26735,52302,5
26733,52303,6
26725,52303,4
26729,52304,5
26730,52308,4
26733,52302,5
26729,52301,5
26738,52301,5
26726,52293,5
26726,52298,4
26726,52299,5
26736,52304,5
26725,52295,5
26731,52296,5
26724,52292,4
26722,52296,5
26739,52298,5
26724,52303,5
26737,52295,4
26732,52297,4
26724,52300,5
26729,52300,5
26729,52299,5
26727,52298,4
26735,52293,5
26737,52309,5
26739,52304,5
26737,52317,5
26738,52311,4
26736,52303,5
26729,52306,5
26731,52320,5
26732,52314,5
26732,52317,4
26734,52317,5
26735,52300,5
26732,52303,5
26735,52319,5
26732,52318,4
26746,52318,5
26744,52310,5
26742,52322,5
26748,52331,4
26750,52328,4
26748,52330,5
26744,52319,5
26744,52330,5
26737,52324,5
26753,52328,4
26744,52316,5
26742,52324,5
26744,52327,5
26737,52316,4
26744,52319,5
26735,52320,5
26748,52307,5
26739,52313,5
26738,52312,4
26742,52312,5
26737,52316,5
26737,52305,5
26736,52302,5
26743,52307,4
26735,52312,5
26741,52314,5
26741,52313,5
26739,52324,5
26741,52334,4
26752,52337,6
26751,52342,4
26761,52348,5
26764,52354,4
26757,52358,7
26762,52352,3
26764,52364,5
26758,52361,5
26764,52354,4
26760,52350,5
26748,52335,5
26749,52331,5
26739,52312,5
26735,52303,4
26726,52297,5
26719,52285,5
26724,52277,5
26721,52274,5
26718,52282,4
26722,52269,5
26716,52280,5
26723,52278,5
26717,52276,5
26720,52279,4
26725,52281,5
26721,52279,6
26718,52277,4
26726,52285,4
26721,52295,5
26729,52291,5
26720,52293,5
26727,52283,5
26718,52288,4
26722,52281,5
26723,52284,5
26722,52282,5
26721,52277,5
26714,52276,4
26720,52279,5
26719,52281,5
26712,52275,5
26717,52280,5
26720,52276,4
26716,52275,5
26717,52278,5
26728,52271,5
26720,52286,5
26722,52275,4
26713,52282,5
26726,52289,5
26714,52275,6
26723,52284,3
26726,52289,4
26726,52284,5
26728,52286,5
26728,52283,5
26718,52287,4
26732,52289,5
26727,52297,5
26733,52299,5
26724,52292,5
26733,52294,4
26729,52286,5
26725,52297,5
26728,52294,5
26733,52297,5
26736,52293,4
26727,52309,5
26732,52304,5
26731,52313,5
26734,52300,5
26732,52316,5
26741,52319,4
26738,52313,5
26744,52317,5
26741,52315,6
26728,52316,3
26740,52309,5
26737,52308,5
26737,52307,5
26744,52315,4
26732,52320,5
26741,52318,5
26742,52328,5
26742,52321,5
26740,52322,4
26742,52316,5
26738,52318,5
26742,52326,5
26735,52319,5
26738,52314,4
26739,52318,5
26735,52312,5
26731,52323,5
26745,52318,5
26751,52313,4
26733,52318,6
26745,52317,4
26735,52313,5
26737,52306,5
26741,52318,4
26735,52306,5
26739,52310,5
26741,52317,5
26736,52313,4
26740,52313,5
26738,52317,5
26736,52305,5
26731,52304,5
26733,52293,4
26726,52294,5
26731,52294,5
26724,52282,5
26719,52287,5
26716,52274,4
26725,52273,5
26725,52280,5
26722,52276,5
26730,52288,5
26719,52291,4
26729,52299,5
26736,52303,6
26733,52315,4
26741,52319,5
26748,52336,4
26749,52336,5
26747,52347,5
26757,52354,5
26755,52344,4
26759,52348,4
26747,52340,5
26753,52341,5
26744,52333,5
26746,52327,4
26738,52308,5
26733,52302,5
26735,52287,5
26731,52289,5
26721,52275,4
26722,52278,5
26725,52282,5
26719,52271,5
26717,52275,5
26724,52280,4
26719,52283,5
26719,52281,5
26723,52278,6
26733,52276,4
26725,52277,4
26729,52286,5
26724,52288,5
26724,52281,5
26724,52283,4
26723,52293,4
26724,52286,5
26726,52288,5
26725,52288,5
26725,52282,4
26720,52276,5
26719,52277,5
26719,52266,5
26714,52270,5
26708,52272,4
26711,52274,5
26720,52275,5
26721,52277,5
26720,52275,5
26720,52273,5
26727,52286,4
26727,52286,5
26718,52282,5
26727,52289,5
26719,52283,4
26723,52284,5
26718,52286,5
26719,52284,5
26723,52288,5
26724,52297,4
26730,52285,5
26724,52298,5
26727,52283,5
26721,52294,4
26723,52296,5
26729,52295,5
26730,52292,5
26730,52296,5
26726,52303,4
26733,52293,5
26722,52298,5
26734,52301,5
26728,52298,5
26726,52300,4
26728,52299,6
26733,52295,4
26736,52314,5
26729,52308,5
26731,52297,4
26735,52308,5
26744,52308,5
26731,52313,5
26739,52314,5
26736,52316,4
26744,52315,5
26736,52313,5
26729,52308,5
26734,52305,4
26730,52303,5
26733,52304,5
26738,52296,5
26729,52298,5
26730,52288,4
26724,52291,5
26723,52299,5
26727,52289,5
26728,52298,5
26732,52305,4
26729,52302,5
26731,52314,6
26741,52308,4
26740,52309,5
26746,52318,4
26748,52325,5
26746,52329,5
26744,52339,5
26751,52353,5
26754,52339,4
26760,52345,5
26764,52346,5
26752,52353,5
26756,52357,4
26758,52349,5
26755,52355,5
26759,52350,5
26746,52332,5
26748,52334,4
26749,52337,5
26735,52319,5
26742,52318,5
26741,52306,5
26737,52314,4
26747,52305,5
26731,52314,5
26743,52313,5
26734,52309,5
26743,52321,4
26741,52324,5
26744,52325,5
26747,52318,5
26751,52320,5
26738,52320,4
26745,52324,5
26741,52324,5
26741,52324,5
26743,52327,4
26739,52318,4
26750,52327,5
26749,52331,5
26743,52328,5
26745,52320,4
26743,52335,5
26753,52338,5
26748,52330,5
26751,52335,5
26749,52328,5
26746,52324,4
26749,52324,5
26739,52334,5
26742,52323,5
26749,52318,4
26748,52330,5
26741,52323,5
26759,52335,5
26753,52331,5
26747,52341,4
26750,52347,5
26760,52347,5
26760,52349,5
26755,52354,4
26762,52347,4
26756,52355,5
26763,52370,5
26766,52362,5
26760,52369,4
26776,52362,5
26774,52377,5
26771,52387,5
26780,52384,5
26784,52382,4
26779,52385,6
26778,52393,4
26787,52406,5
26792,52401,5
26786,52410,4
26782,52406,5
26788,52399,5
26782,52401,5
26784,52400,5
26787,52406,4
26786,52407,5
26778,52400,5
26781,52403,5
26773,52399,5
26783,52384,4
26770,52392,5
26768,52381,5
26781,52375,5
26773,52372,4
26762,52370,5
26764,52360,5
26768,52364,5
26779,52371,5
26763,52377,4
26765,52373,5
26771,52384,6
26775,52389,4
26775,52397,5
26779,52395,4
26774,52402,5
26782,52401,5
26788,52406,5
26784,52398,5
26779,52408,4
26784,52408,5
26786,52395,5
26788,52408,5
26785,52405,5
26776,52383,4
26763,52375,5
26758,52365,5
26758,52363,5
26760,52352,4
26752,52345,5
26749,52352,5
26753,52342,5
26756,52343,5
26749,52354,4
26756,52353,5
26762,52350,5
26755,52363,5
26765,52360,7
26762,52364,2
26764,52366,5
26769,52369,5
26764,52367,5
26761,52362,5
26769,52367,4
26767,52377,5
26765,52367,5
26758,52362,5
26766,52357,5
26767,52366,4
26758,52362,5
26773,52362,5
26759,52367,5
26767,52362,4
26767,52370,6
26766,52358,4
26760,52369,5
26760,52366,5
26765,52373,6
26766,52370,3
26766,52368,5
26760,52373,5
26772,52372,5
26768,52368,4
26762,52377,5
26761,52374,5
26763,52377,5
26769,52375,5
26769,52371,4
26771,52369,5
26765,52379,5
26765,52368,5
26772,52376,5
26769,52381,4
26766,52390,5
26774,52391,5
26782,52395,5
26783,52395,4
26776,52402,4
26778,52396,6
26779,52404,4
26784,52406,5
26788,52414,4
26786,52419,7
26792,52423,3
26794,52424,5
26787,52427,5
26793,52434,4
26794,52418,5
26795,52429,5
26792,52433,5
26793,52430,5
26796,52429,4
26793,52439,5
26797,52438,5
26792,52423,5
26796,52423,5
26792,52414,4
26786,52416,5
26780,52414,5
26779,52407,5
26780,52406,4
26776,52400,4
26783,52399,5
26768,52402,6
26778,52399,4
26777,52399,4
26778,52397,5
26787,52415,5
26777,52415,5
26787,52423,5
26787,52426,4
26796,52434,5
26791,52450,5
26788,52451,5
26798,52449,5
26799,52450,4
26809,52460,5
26807,52457,5
26808,52462,5
26804,52451,5
26801,52449,4
26800,52441,5
26786,52423,5
26784,52404,5
26779,52406,5
26771,52399,4
26774,52393,5
26763,52389,5
26771,52395,6
26775,52401,3
26777,52397,5
26769,52392,5
26773,52400,5
26779,52407,5
26782,52406,4
26784,52404,5
26791,52404,5
26773,52407,5
26780,52404,5
26774,52402,4
26784,52406,5
26775,52405,5
26783,52401,5
26779,52418,5
26789,52406,4
26783,52410,5
26782,52397,5
26779,52403,5
26789,52406,5
26780,52405,5
26775,52412,4
26782,52410,5
26778,52409,5
26783,52410,6
26780,52412,3
26781,52415,5
26781,52415,5
26785,52412,5
26788,52417,4
26793,52420,5
26785,52420,5
26785,52418,5
26780,52420,5
26781,52415,4
26792,52410,5
26789,52406,5
26781,52409,5
26775,52413,5
26787,52403,4
26780,52408,5
26784,52417,5
26780,52411,5
26782,52411,5
26779,52422,4
26789,52417,6
26780,52420,4
26793,52421,5
26790,52425,4
26792,52428,4
26791,52423,5
26792,52422,5
26796,52434,5
26795,52431,4
26792,52428,5
26790,52429,5
26794,52430,5
26785,52436,5
26796,52425,4
26796,52435,5
26794,52433,5
26793,52439,5
26792,52435,5
26789,52433,4
26801,52424,5
26789,52424,5
26779,52418,5
26787,52406,5
26781,52400,4
26782,52396,5
26770,52389,6
26767,52393,4
26768,52375,4
26774,52384,4
26761,52382,5
26769,52379,5
26776,52384,5
26771,52392,4
26768,52403,5
26781,52400,5
26783,52412,5
26784,52408,5
26788,52418,4
26786,52424,5
26789,52420,5
26785,52426,5
26796,52431,5
26786,52420,4
26791,52416,5
26782,52409,5
26786,52407,5
26780,52373,5
26766,52370,4
26750,52360,5
26755,52351,5
26750,52341,6
26748,52339,3
26744,52350,4
26752,52345,5
26756,52344,5
26745,52348,5
26756,52344,4
26754,52347,5
26757,52353,5
26759,52356,5
26757,52357,5
26750,52356,4
26756,52359,5
26748,52362,5
26767,52372,5
26764,52364,5
26766,52367,4
26755,52359,5
26753,52351,5
26757,52363,5
26760,52354,5
26764,52357,5
26752,52350,4
26753,52351,5
26747,52355,5
26757,52354,5
26755,52355,4
26758,52350,5
26759,52359,5
26760,52362,5
26756,52353,4
26765,52348,5
26760,52356,5
26752,52356,5
26766,52357,5
26761,52356,4
26753,52361,5
26752,52363,5
26758,52363,5
26759,52354,5
26755,52358,4
26756,52354,5
26761,52349,5
26762,52355,5
26754,52355,5
26761,52360,4
26766,52355,6
26756,52367,4
26763,52369,5
26758,52367,5
26762,52371,4
26759,52368,5
26759,52370,5
26765,52362,5
26768,52375,4
26768,52380,5
26768,52378,5
26766,52373,5
26771,52376,5
26769,52382,4
26765,52375,5
26775,52385,5
26773,52379,5
26775,52378,5
26772,52378,4
26773,52385,5
26769,52391,5
26763,52376,5
26765,52375,5
26761,52374,4
26765,52368,5
26760,52374,6
26762,52370,4
26768,52379,5
26763,52369,4
26761,52372,5
26761,52368,5
26764,52370,5
26761,52369,4
26764,52371,5
26765,52364,5
26769,52359,5
26758,52365,5
26756,52359,4
26758,52355,5
26758,52347,5
26753,52340,5
26745,52329,5
26753,52324,4
26748,52334,5
26746,52321,5
26753,52330,5
26735,52325,5
26740,52332,4
26742,52336,5
26749,52338,5
26756,52347,5
26759,52355,5
26752,52351,4
26764,52371,5
26770,52373,5
26765,52377,5
26761,52375,4
26764,52379,5
26765,52377,5
26764,52379,5
26769,52369,5
26767,52360,4
26759,52349,5
26746,52335,5
26743,52331,5
26739,52320,5
26736,52314,4
26737,52311,5
26733,52309,5
26730,52309,5
26742,52304,5
26732,52314,5
26732,52318,4
26744,52310,5
26744,52324,5
26740,52320,5
26736,52324,4
26737,52327,5
26742,52325,5
26748,52326,5
26743,52327,4
26740,52322,4
26737,52324,5
26740,52326,5
26751,52315,5
26731,52325,4
26735,52317,5
26744,52317,5
26743,52313,5
26742,52312,5
26738,52311,4
26743,52317,5
26736,52316,5
26736,52301,5
26740,52303,5
26736,52310,4
26734,52313,7
26732,52318,3
26737,52320,5
26734,52313,5
26745,52313,4
26735,52327,5
26741,52318,5
26740,52317,5
26747,52318,4
26739,52314,4
26749,52329,5
26742,52319,5
26742,52316,5
26738,52339,4
26751,52335,5
26744,52327,5
26749,52334,5
26743,52331,5
26749,52336,4
26759,52333,5
26748,52335,5
26751,52341,5
26758,52340,4
26749,52339,4
26760,52350,5
26757,52344,5
26759,52352,5
26761,52348,5
26766,52349,4
26760,52354,5
26766,52362,5
26759,52358,5
26764,52363,4
26757,52357,4
26763,52358,5
26768,52355,5
26764,52356,5
26762,52356,4
26757,52363,5
26762,52361,5
26773,52364,5
26757,52363,5
26761,52359,5
26766,52362,4
26753,52349,5
26763,52354,5
26762,52344,6
26766,52351,3
26759,52353,5
26759,52345,5
26751,52344,5
26753,52337,5
26744,52338,4
26748,52331,5
26743,52333,5
26750,52323,5
26745,52328,4
26753,52331,4
26742,52335,5
26751,52342,5
26745,52333,5
26756,52341,4
26753,52348,5
26753,52354,5
26763,52357,5
26762,52369,5
26761,52354,4
26764,52366,6
26759,52364,4
26767,52359,5
26757,52371,5
26771,52365,6
26764,52368,3
26760,52360,5
26756,52341,5
26744,52329,5
26748,52316,4
26735,52317,5
26735,52308,5
26738,52304,5
26736,52315,4
26738,52312,4
26731,52310,5
26733,52313,5
26738,52319,5
26732,52318,4
26736,52320,5
26749,52329,5
26746,52318,10
26746,52318,4
26736,52316,5
26734,52312,6
26740,52317,4
26741,52321,5
26734,52318,4
26730,52315,5
26740,52313,5
26737,52302,5
26735,52303,5
26730,52303,4
26739,52306,5
26735,52297,5
26726,52302,5
26736,52298,5
26737,52297,4
26726,52298,5
26731,52310,5
26732,52303,5
26735,52305,4
26735,52306,5
26744,52311,5
26732,52300,5
26733,52312,5
26742,52306,4
26741,52308,5
26731,52302,5
26732,52308,6
26734,52318,4
26732,52309,4
26739,52310,5
26741,52308,5
26731,52314,5
26736,52317,5
26736,52311,4
26740,52309,5
26745,52314,5
26737,52325,5
26730,52312,5
26746,52319,4
26748,52321,5
26747,52323,5
26741,52317,5
26743,52327,4
26750,52324,5
26738,52332,5
26749,52317,5
26742,52331,5
26738,52324,5
26742,52332,4
26749,52327,5
26743,52319,5
26736,52330,6
26746,52316,3
26743,52315,5
26745,52334,5
26742,52321,5
26747,52328,5
26746,52324,4
26742,52323,5
26747,52324,5
26739,52325,5
26735,52324,5
26747,52320,4
26741,52324,5
26745,52311,5
26734,52307,5
26736,52306,4
26730,52307,5
26742,52303,5
26738,52294,5
26727,52287,5
26731,52298,4
26730,52299,6
26731,52294,4
26731,52293,5
26726,52288,5
26725,52290,4
26730,52292,5
26733,52296,5
26737,52309,5
26739,52312,5
26740,52316,4
26738,52323,5
26743,52319,5
26748,52321,5
26750,52323,5
26745,52318,4
26741,52325,5
26745,52316,5
26741,52313,5
26737,52316,4
26735,52298,5
26731,52288,5
26718,52274,5
26719,52269,5
26711,52261,4
26714,52256,5
26705,52245,6
26695,52235,4
26697,52235,5
26697,52220,4
26687,52212,5
26692,52206,5
26688,52213,5
26678,52197,5
26694,52205,4
26682,52199,5
26682,52206,5
26687,52198,5
26683,52205,5
26690,52194,4
26679,52189,5
26677,52185,5
26670,52171,5
26664,52162,4
26662,52144,5
26656,52145,5
26654,52148,5
26650,52151,5
26660,52149,4
26656,52148,5
26646,52124,5
26645,52117,6
26641,52120,4
26641,52117,4
26644,52122,5
26645,52126,5
26644,52135,5
26646,52140,5
26656,52128,4
26635,52122,5
26634,52115,5
26630,52101,5
26636,52096,5
26627,52099,4
26634,52097,5
26633,52110,5
26628,52101,5
26629,52082,4
26620,52086,4
26614,52066,5
26614,52076,5
26619,52064,5
26620,52087,5
26628,52088,4
26628,52099,5
26628,52088,5
26623,52090,5
26617,52088,4
26613,52068,5
26619,52059,5
26620,52066,5
26623,52089,5
26629,52101,4
26634,52092,5
26623,52086,5
26618,52090,5
26615,52079,5
26603,52065,4
26605,52065,5
26604,52064,5
26604,52062,5
26614,52055,4
26597,52045,4
26597,52040,5
26592,52030,5
26587,52017,5
26588,52017,4
26582,52012,6
26576,52004,4
26573,51992,5
26577,51989,5
26568,51983,4
26563,51988,5
26574,51995,5
26568,51998,5
26574,52010,5
26579,52014,4
26576,52020,5
26583,52024,5
26591,52014,5
26585,52010,5
26576,51990,4
26571,51982,5
26569,51969,5
26562,51970,5
26564,51960,4
26548,51942,4
26541,51937,5
26536,51917,5
26537,51919,5
26530,51904,4
26514,51873,5
26497,51867,6
26500,51857,4
26497,51851,5
26494,51868,4
26510,51875,5
26509,51879,5
26516,51880,5
26514,51893,5
26517,51918,4
26531,51946,5
26541,51947,5
26541,51952,5
26536,51953,5
26536,51937,4
26520,51914,5
26519,51907,5
26513,51903,5
26516,51899,4
26520,51913,4
26523,51928,5
26541,51940,5
26539,51942,5
26539,51947,4
26527,51926,5
26525,51923,5
26530,51933,5
26532,51939,5
26539,51934,4
26532,51932,5
26544,51928,5
26549,51925,5
26556,51914,5
26533,51892,4
26530,51883,5
26518,51857,5
26516,51846,5
26519,51836,5
26515,51842,4
26518,51842,5
26518,51847,5
26521,51841,5
26515,51839,5
26507,51826,4
26510,51821,5
26516,51838,5
26515,51848,5
26529,51846,5
26526,51844,4
26519,51834,5
26518,51848,5
26513,51835,5
26523,51840,4
26525,51848,5
26533,51848,5
26527,51838,5
26523,51826,5
26509,51811,4
26500,51793,5
26501,51775,5
26493,51775,5
26498,51774,5
26500,51773,4
26498,51776,5
26490,51769,5
26496,51766,5
26486,51756,5
26484,51737,4
26470,51718,5
26460,51699,5
26444,51675,5
26446,51672,4
26437,51665,6
26437,51649,4
26430,51644,5
26421,51635,5
26424,51615,4
26405,51596,5
26403,51573,5
26400,51564,5
26389,51554,5
26379,51543,4
26384,51526,5
26366,51516,5
26372,51506,5
26365,51501,5
26364,51481,4
26346,51464,5
26351,51448,5
26344,51446,5
26346,51439,5
26340,51435,4
26347,51441,5
26347,51444,6
26342,51435,4
26339,51425,4
26322,51408,5
26313,51388,5
26309,51377,5
26312,51363,5
26312,51367,4
26304,51355,5
26296,51341,5
26299,51329,5
26291,51314,5
26302,51302,4
26281,51302,5
26285,51299,5
26283,51287,5
26281,51275,5
26272,51257,4
26269,51263,5
26263,51256,5
26259,51255,5
26265,51262,5
26276,51258,4
26274,51256,5
26276,51254,5
26277,51252,6
26275,51233,3
26273,51234,4
26265,51219,5
26267,51199,5
26270,51185,5
26268,51181,4
26270,51180,5
26263,51179,5
26263,51171,5
26262,51175,5
26260,51170,4
26254,51180,5
26257,51163,5
26267,51178,5
26259,51178,5
26263,51176,4
26261,51167,5
26254,51164,5
26255,51151,5
26255,51150,5
26244,51152,5
26260,51148,4
26244,51147,5
26242,51131,5
26249,51129,6
26245,51127,3
26236,51136,5
26244,51122,5
26235,51104,5
26220,51077,4
26207,51065,5
26204,51037,5
26193,51027,5
26181,51006,5
26176,51004,4
26176,50996,5
26181,50981,5
26169,50962,5
26166,50959,5
26166,50960,4
26164,50951,5
26167,50952,5
26160,50951,5
26163,50938,5
26165,50926,4
26152,50912,6
26140,50884,4
26132,50872,5
26127,50868,4
26131,50854,4
26126,50857,5
26119,50848,5
26119,50849,5
26118,50841,4
26115,50822,5
26106,50809,5
26100,50806,5
26099,50804,5
26091,50788,4
26089,50773,5
26081,50754,5
26068,50749,5
26066,50730,5
26064,50722,4
26060,50708,5
26054,50694,5
26052,50680,5
26044,50673,5
26034,50668,4
26037,50658,5
26037,50650,6
26022,50636,4
26020,50620,4
26017,50619,4
26010,50590,5
26003,50585,5
26002,50569,5
25992,50558,4
25992,50545,5
25996,50542,5
25990,50530,5
25991,50531,5
25987,50543,4
25984,50545,5
25989,50555,5
25991,50539,5
25993,50539,5
25997,50549,4
25999,50540,5
25998,50547,5
25992,50551,5
25992,50535,5
25983,50536,4
25988,50520,5
25979,50513,5
25986,50511,6
25982,50512,4
25980,50505,4
25983,50511,5
25986,50511,5
25976,50519,5
25972,50519,4
25979,50507,5
25980,50513,5
25976,50526,8
25985,50519,2
25997,50515,4
25974,50512,5
25976,50505,5
25963,50500,5
25973,50492,5
25975,50493,4
25976,50502,5
25983,50491,5
25968,50481,5
25965,50472,5
25949,50463,5
25955,50460,4
25951,50455,5
25944,50455,5
25947,50439,6
25939,50435,3
25934,50436,5
25932,50428,5
25929,50421,5
25923,50413,4
25912,50411,5
25908,50389,5
25896,50382,5
25892,50359,5
25878,50338,4
25861,50304,5
25853,50280,5
25834,50249,5
25819,50212,5
25788,50173,4
25777,50148,5
25761,50115,5
25752,50083,5
25714,50028,5
25702,49983,4
25688,49944,6
25681,49903,4
25662,49873,5
25647,49839,5
25637,49807,4
25622,49779,5
25614,49742,5
25610,49720,5
25602,49682,4
25589,49666,4
25588,49672,5
25589,49670,5
25588,49650,5
25616,49672,4
25611,49672,5
25612,49647,5
25593,49633,5
25587,49609,5
25580,49615,4
25581,49608,5
25573,49613,5
25577,49607,5
25581,49618,5
25575,49617,4
25595,49611,5
25578,49614,6
25581,49612,4
25587,49635,5
25594,49638,4
25598,49631,5
25589,49627,5
25591,49640,5
25586,49642,4
25593,49633,4
25587,49641,5
25588,49636,5
25581,49636,5
25590,49637,4
25586,49626,5
25574,49613,5
25572,49619,5
25584,49598,5
25587,49589,4
25571,49584,5
25562,49583,5
25567,49560,5
25564,49557,5
25553,49549,4
25544,49534,5
25542,49526,5
25549,49527,6
25533,49517,4
25533,49516,4
25531,49499,5
25515,49487,5
25517,49456,5
25513,49449,4
25518,49440,4
25506,49437,5
25494,49424,5
25487,49420,5
25494,49431,4
25495,49420,5
25497,49442,5
25504,49451,5
25497,49451,5
25508,49452,4
25507,49443,5
25506,49455,5
25517,49472,5
25524,49484,5
25535,49501,5
25542,49515,4
25549,49520,5
25541,49526,5
25544,49538,5
25560,49540,4
25561,49541,5
25571,49564,5
25580,49579,5
25576,49590,4
25572,49596,4
25575,49608,5
25588,49618,5
25600,49633,5
25596,49643,4
25606,49658,5
25606,49662,5
25605,49662,5
25609,49666,5
25612,49673,4
25618,49670,5
25616,49677,5
25619,49685,5
25620,49693,5
25627,49698,4
25620,49705,6
25627,49719,4
25626,49715,5
25630,49729,5
25639,49726,4
25628,49742,5
25645,49745,5
25635,49738,5
25637,49755,5
25638,49749,4
25648,49751,5
25643,49751,5
25639,49742,5
25636,49751,4
25640,49751,5
25646,49767,5
25660,49768,5
25650,49751,5
25648,49747,4
25650,49765,5
25664,49775,5
25655,49782,5
25656,49788,5
25664,49791,4
25677,49795,5
25677,49799,6
25674,49810,4
25680,49814,5
25691,49816,4
25689,49830,5
25684,49842,5
25691,49831,5
25692,49842,5
25689,49846,4
25696,49858,5
25707,49858,5
25707,49866,5
25706,49864,4
25716,49869,5
25710,49882,5
25718,49881,5
25722,49887,5
25723,49898,4
25725,49901,5
25726,49906,5
25738,49912,5
25736,49918,5
25739,49921,4
25738,49926,5
25740,49923,5
25744,49939,5
25745,49939,5
25754,49947,4
25751,49953,5
25752,49954,5
25761,49966,5
25776,49976,5
25762,49984,4
25779,49986,5
25780,49991,5
25782,50000,5
25783,50011,4
25785,50001,4
25792,50016,5
25788,50023,5
25789,50017,5
25799,50020,4
25799,50033,5
25803,50041,5
25799,50039,5
25804,50029,5
25803,50044,5
25803,50053,4
25816,50064,5
25818,50061,5
25808,50068,5
25822,50078,4
25813,50081,5
25817,50086,5
25833,50083,5
25822,50097,5
25829,50093,4
25826,50097,5
25825,50094,5
25832,50116,5
25834,50105,4
25839,50114,4
25836,50114,5
25841,50120,5
25842,50132,5
25847,50137,4
25843,50134,5
25850,50144,6
25858,50151,4
25860,50166,5
25859,50166,4
25860,50181,7
25880,50185,3
25868,50178,5
25877,50192,5
25874,50192,4
25879,50196,5
25885,50203,5
25885,50199,5
25876,50202,5
25884,50203,4
25884,50201,5
25882,50215,5
25891,50217,5
25896,50229,4
25895,50230,4
25895,50244,5
25897,50239,5
25909,50246,5
25900,50251,4
25906,50260,5
25911,50262,5
25914,50276,6
25916,50279,4
25924,50284,4
25932,50295,5
25934,50299,5
25936,50305,5
25937,50312,5
25934,50312,4
25938,50324,5
25940,50333,5
25951,50335,5
25953,50342,5
25958,50346,4
25953,50347,5
25959,50352,5
25965,50353,5
25965,50362,5
25956,50367,4
25964,50362,5
25954,50381,5
25961,50374,5
25966,50388,5
25971,50390,4
25973,50397,5
25976,50398,5
25977,50394,6
25984,50403,3
25990,50407,5
25980,50420,5
25987,50418,5
25988,50425,5
25990,50434,4
26007,50442,5
26010,50442,5
26019,50446,5
26012,50452,5
26003,50459,4
26013,50458,5
26021,50461,5
26021,50460,5
26023,50464,5
26036,50470,4
26031,50479,5
26033,50473,5
26040,50482,5
26041,50488,4
26045,50497,6
26049,50496,4
26053,50507,5
26052,50512,5
26048,50509,6
26054,50522,3
26057,50525,5
26066,50537,5
26070,50540,5
26065,50550,4
26077,50546,5
26068,50555,5
26084,50558,5
26084,50560,5
26084,50576,4
26088,50577,5
26095,50583,5
26090,50583,5
26096,50597,5
26097,50595,4
26098,50594,5
26097,50596,5
26106,50604,5
26103,50613,4
26108,50617,4
26110,50627,6
26116,50628,4
26120,50631,5
26122,50648,4
26130,50647,5
26127,50653,5
26129,50659,5
26135,50667,5
26146,50667,4
26146,50677,5
26137,50679,5
26142,50696,5
26149,50709,5
26152,50703,4
26160,50720,5
26173,50720,5
26167,50724,5
26171,50730,5
26164,50724,4
26173,50735,5
26168,50741,5
26182,50760,5
26186,50759,4
26185,50753,4
26187,50755,5
26188,50758,6
26194,50763,4
26191,50778,4
26202,50776,5
26198,50781,5
26200,50790,5
26197,50799,5
26207,50794,4
26202,50803,5
26210,50816,5
26220,50832,5
26214,50838,5
26221,50843,4
26223,50842,5
26232,50848,5
26230,50855,5
26240,50859,5
26236,50860,4
26236,50859,5
26236,50866,5
26243,50868,5
26240,50864,5
26240,50866,4
26249,50864,5
26236,50877,5
26232,50877,6
26236,50879,3
26242,50876,5
26239,50884,5
26235,50884,5
26245,50899,5
26246,50904,4
26246,50904,5
26251,50917,5
26258,50928,5
26258,50924,5
26256,50929,4
26259,50927,5
26253,50930,5
26264,50939,5
26263,50942,5
26264,50959,4
26275,50960,5
26277,50964,5
26268,50966,5
26267,50973,5
26274,50982,5
26282,50992,4
26285,51006,5
26291,51008,5
26294,51028,4
26298,51029,5
26293,51052,5
26306,51047,5
26308,51055,5
26321,51076,4
26330,51091,5
26338,51095,5
26348,51118,5
26350,51124,5
26354,51126,4
26351,51130,5
26355,51143,5
26368,51158,5
26373,51163,5
26371,51173,4
26371,51182,5
26380,51194,5
26382,51216,5
26385,51223,5
26392,51225,4
26396,51238,11
26391,51234,4
26400,51246,4
26403,51257,5
26394,51262,5
26400,51267,5
26408,51273,5
26411,51285,4
26403,51278,5
26413,51282,5
26408,51299,5
26413,51306,5
26416,51316,4
26421,51332,5
26436,51333,5
26430,51339,5
26434,51350,5
26442,51354,4
26448,51362,5
26443,51352,5
26446,51364,5
26448,51360,5
26443,51348,4
26431,51349,5
26436,51341,6
26427,51336,4
26425,51327,4
26413,51334,4
26421,51328,5
26430,51314,5
26428,51321,5
26420,51316,4
26406,51304,5
26412,51304,5
26417,51297,5
26411,51297,5
26405,51281,4
26393,51275,5
26395,51265,5
26391,51262,5
26380,51253,5
26383,51249,4
26374,51233,5
26363,51213,5
26369,51202,5
26353,51200,5
26356,51186,4
26355,51183,5
26349,51180,5
26343,51181,5
26337,51171,4
26343,51176,4
26344,51167,5
26341,51166,5
26340,51174,5
26335,51166,4
26335,51167,5
26341,51169,5
26333,51156,5
26340,51155,5
26333,51154,4
26336,51156,5
26334,51166,5
26338,51164,5
26327,51156,5
26345,51157,4
26340,51158,5
26337,51152,5
26335,51159,5
26333,51164,5
26326,51158,5
26332,51156,4
26334,51155,5
26335,51149,5
26334,51141,4
26326,51142,4
26327,51148,5
26322,51153,5
26327,51137,5
26332,51141,4
26329,51151,5
26324,51143,5
26324,51135,5
26329,51136,5
26325,51127,4
26319,51134,5
26322,51125,5
26311,51125,5
26321,51127,5
26320,51124,4
26311,51115,5
26315,51110,5
26315,51118,5
26314,51104,5
26304,51107,4
26303,51112,6
26316,51108,4
26305,51110,5
26311,51110,4
26312,51110,4
26307,51113,5
26314,51117,5
26305,51114,5
26311,51110,4
26314,51113,5
26307,51111,5
26319,51123,5
26313,51114,5
26314,51120,4
26319,51121,5
26311,51120,5
26316,51116,5
26319,51120,5
26313,51112,4
26316,51126,5
26314,51128,5
26312,51123,5
26323,51124,5
26326,51132,4
26321,51126,5
26320,51118,5
26312,51127,5
26322,51114,4
26313,51116,4
26319,51126,5
26315,51116,5
26317,51119,5
26311,51115,4
26315,51126,5
26308,51115,5
26317,51118,5
26313,51118,5
26314,51115,4
26314,51121,5
26308,51115,5
26313,51112,5
26314,51117,5
26312,51111,4
26309,51102,5
26316,51110,5
26312,51107,5
26316,51119,5
26313,51122,3
26317,51125,5
26317,51125,5
26315,51118,5
26315,51133,4
26312,51133,5
26316,51135,5
26314,51130,5
26323,51143,5
26315,51140,4
26325,51139,5
26315,51128,5
26323,51141,5
26328,51149,5
26325,51143,4
26330,51154,5
26334,51153,5
26328,51153,5
26327,51158,5
26330,51153,4
26325,51152,6
26331,51149,4
26315,51152,5
26329,51145,5
26322,51143,6
26324,51142,3
26323,51137,5
26322,51143,5
26316,51146,4
26330,51135,5
26323,51134,5
26318,51142,5
26325,51138,5
26319,51134,4
26325,51146,5
26325,51142,5
26326,51144,5
26317,51147,5
26318,51141,4
26316,51140,5
26317,51131,5
26322,51134,5
26319,51130,5
26312,51124,4
26309,51123,5
26317,51120,6
26311,51119,4
26308,51115,5
26312,51119,4
26307,51121,5
26310,51115,5
26320,51115,5
26316,51119,4
26322,51112,5
26318,51115,5
26320,51124,5
26316,51126,5
26321,51130,4
26319,51122,5
26317,51120,5
26315,51127,5
26311,51123,5
26319,51131,4
26318,51133,5
26314,51115,5
26315,51116,5
26317,51113,5
26317,51112,4
26314,51115,5
26311,51105,5
26312,51113,6
26315,51115,4
26304,51123,4
26313,51116,5
26313,51113,5
26308,51106,5
26309,51112,4
26300,51111,5
26307,51106,5
26310,51113,5
26301,51109,5
26311,51105,4
26306,51104,5
26309,51105,5
26312,51104,5
26310,51098,5
26303,51109,4
26300,51108,5
26310,51109,5
26298,51106,5
26300,51101,5
26300,51099,5
26309,51096,4
26302,51110,5
26295,51092,5
26306,51093,6
26298,51093,3
26296,51088,5
26305,51102,5
26303,51090,5
26305,51097,4
26290,51091,5
26294,51090,5
26304,51084,5
26299,51086,5
26295,51094,4
26302,51093,5
26288,51078,5
26297,51076,5
26298,51084,5
26295,51080,4
26295,51086,5
26301,51084,5
26293,51085,5
26288,51084,5
26297,51072,4
26284,51082,6
26291,51077,4
26289,51071,5
26290,51072,5
26285,51074,4
26288,51066,5
26299,51076,5
26293,51068,5
26292,51075,4
26292,51074,5
26284,51063,5
26290,51073,5
26291,51069,5
26290,51077,4
26296,51076,5
26285,51071,5
26282,51076,5
26293,51078,5
26285,51072,4
26288,51078,5
26295,51074,5
26296,51080,5
26289,51076,5
26299,51083,4
26282,51085,5
26292,51083,6
26294,51075,4
26294,51078,4
26288,51082,4
26296,51077,5
26287,51092,5
26298,51088,5
26296,51087,4
26290,51084,5
26296,51090,5
26290,51084,5
26294,51082,5
26298,51087,4
26291,51078,5
26295,51078,5
26299,51083,5
26297,51080,5
26297,51090,4
26295,51081,5
26291,51074,5
26291,51081,5
26288,51070,5
26290,51080,4
26288,51076,5
26289,51086,5
26292,51079,6
26293,51083,4
26293,51078,4
26298,51090,5
26289,51083,5
26296,51078,5
26288,51087,4
26298,51093,5
26300,51091,5
26296,51092,5
26291,51092,5
26295,51096,4
26293,51087,5
26289,51079,5
26297,51082,5
26288,51073,5
26283,51064,4
26283,51073,5
26284,51071,5
26290,51056,5
26286,51062,5
26285,51057,5
26291,51064,4
26286,51061,5
26286,51060,5
26284,51060,4
26286,51072,4
26290,51075,5
26286,51070,5
26288,51064,5
26280,51066,4
26281,51059,5
26290,51065,5
26282,51059,5
26278,51063,5
26285,51064,4
26282,51057,5
26287,51057,5
26284,51055,5
26280,51050,5
26289,51053,4
26279,51047,5
26279,51056,5
26281,51055,5
26276,51052,5
26282,51047,4
26283,51049,6
26275,51054,4
26284,51050,5
26271,51053,4
26279,51052,4
26274,51052,5
26280,51059,5
26284,51056,5
26270,51050,4
26274,51059,5
26270,51053,5
26281,51054,5
26279,51056,5
26275,51041,4
26269,51056,5
26277,51050,5
26285,51059,5
26289,51061,5
26283,51059,4
26289,51069,5
26285,51059,5
26277,51069,5
26287,51065,5
26294,51070,4
26285,51071,5
26278,51067,6
26279,51073,4
26287,51063,4
26285,51066,4
26282,51076,5
26280,51078,5
26294,51072,5
26286,51071,4
26295,51076,5
26283,51074,5
26288,51071,5
26287,51070,5
26285,51078,4
26289,51070,5
26290,51067,5
26285,51086,5
26284,51072,5
26296,51079,4
26289,51077,5
26285,51064,5
26293,51077,5
26293,51073,5
26295,51073,4
26291,51074,5
26281,51072,5
26290,51077,5
26284,51081,4
26297,51078,4
26289,51087,5
26296,51078,5
26287,51078,5
26294,51081,4
26295,51079,5
26288,51068,5
26287,51074,5
26290,51077,5
26296,51075,4
26293,51079,5
26288,51082,9
26296,51075,1
26297,51082,5
26288,51111,4
26296,51080,5
26296,51088,5
26299,51091,5
26304,51091,5
26298,51099,5
26307,51096,4
26297,51098,5
26294,51102,5
26303,51100,4
26296,51100,4
26290,51081,5
26298,51084,5
26289,51085,5
26302,51087,4
26292,51076,5
26297,51077,5
26294,51078,5
26288,51077,5
26287,51070,4
26288,51065,5
26292,51068,5
26290,51065,5
26281,51072,5
26284,51059,4
26287,51061,5
26284,51058,5
26282,51060,5
26285,51058,5
26279,51062,4
26287,51063,6
26283,51055,4
26285,51058,5
26276,51050,4
26289,51066,4
26281,51063,5
26283,51066,5
26289,51066,5
26293,51065,4
26293,51071,5
26283,51076,5
26288,51075,5
26290,51075,5
26293,51079,4
26289,51079,5
26292,51077,5
26286,51073,5
26295,51085,5
26290,51091,4
26296,51085,5
26290,51085,5
26292,51085,5
26292,51086,5
26293,51082,4
26289,51088,5
26292,51087,5
26299,51097,5
26301,51095,4
26301,51099,4
26298,51092,5
26300,51102,5
26298,51089,5
26304,51096,4
26295,51098,5
26303,51098,5
26297,51102,5
26295,51092,5
26300,51096,4
26299,51095,5
26302,51099,5
26297,51092,5
26296,51098,5
26303,51105,4
26303,51104,4
26304,51106,5
26302,51105,5
26302,51104,6
26308,51109,3
26308,51104,5
26304,51114,5
26308,51108,5
26302,51114,5
26308,51111,4
26307,51106,5
26308,51113,5
26305,51117,5
26310,51110,4
26309,51109,5
26310,51115,5
26302,51115,5
26299,51120,5
26301,51110,4
26303,51119,5
26303,51111,5
26301,51116,5
26308,51115,5
26305,51123,4
26300,51111,6
26310,51108,4
26307,51111,5
26302,51122,5
26309,51117,6
26311,51118,3
26307,51108,5
26298,51110,5
26305,51119,5
26298,51112,4
26305,51103,5
26304,51104,5
26302,51109,5
26302,51111,4
26308,51113,5
26305,51105,5
26301,51115,5
26309,51110,5
26304,51115,4
26310,51116,5
26311,51125,5
26313,51121,5
26303,51117,5
26309,51118,4
26310,51116,5
26306,51115,6
26307,51118,4
26311,51118,5
26310,51127,4
26303,51118,5
26304,51117,5
26308,51103,5
26297,51108,5
26298,51103,4
26296,51090,5
26297,51102,5
26292,51106,5
26302,51102,4
26291,51103,5
26299,51097,5
26304,51091,5
26296,51103,5
26305,51102,4
26299,51107,5
26297,51095,5
26298,51104,5
26295,51092,5
26294,51094,4
26300,51093,5
26297,51094,5
26299,51093,6
26304,51092,4
26290,51093,4
26303,51091,5
26291,51099,5
26294,51089,5
26294,51085,4
26298,51093,4
26303,51102,5
26302,51096,5
26302,51100,5
26289,51096,4
26299,51093,5
26291,51095,5
26305,51090,5
26294,51097,5
26296,51091,4
26293,51093,5
26296,51103,5
26307,51091,5
26298,51105,5
26304,51103,5
26301,51106,4
26298,51103,5
26304,51101,5
26301,51097,6
26304,51110,3
26309,51106,5
26308,51110,5
26309,51104,5
26298,51106,4
26301,51110,4
26304,51109,5
26308,51117,5
26306,51119,5
26319,51114,4
26310,51117,5
26309,51118,5
26315,51112,5
26313,51112,5
26308,51118,4
26312,51116,5
26308,51121,5
26316,51125,5
26309,51119,5
26307,51113,4
26302,51125,6
26314,51122,4
26309,51127,5
26312,51112,5
26316,51117,4
26304,51123,5
26310,51124,5
26307,51117,5
26314,51121,4
26308,51119,4
26309,51123,5
26309,51126,5
26310,51122,5
26317,51125,4
26306,51113,5
26311,51119,5
26313,51124,5
26311,51122,5
26311,51120,4
26315,51117,5
26314,51120,5
26311,51122,5
26310,51121,5
26303,51116,4
26317,51123,5
26308,51115,6
26309,51127,4
26302,51128,5
26307,51121,4
26311,51115,5
26307,51127,5
26310,51125,5
26308,51124,4
26308,51121,4
26306,51117,5
26314,51121,5
26315,51130,5
26311,51127,4
26310,51130,5
26309,51126,5
26315,51130,5
26310,51141,5
26308,51129,4
26314,51120,5
26307,51120,5
26303,51112,5
26300,51110,5
26307,51105,4
26305,51103,5
26310,51110,5
26299,51105,6
26307,51105,4
26300,51103,4
26305,51109,5
26303,51099,5
26303,51101,5
26300,51111,4
26307,51104,4
26297,51102,5
26306,51104,5
26298,51108,5
26307,51118,4
26309,51112,5
26306,51106,5
26309,51107,5
26299,51108,5
26305,51106,4
26304,51097,5
26300,51108,5
26302,51100,5
26293,51105,5
26299,51105,5
26295,51110,4
26294,51104,5
26295,51106,5
26298,51105,5
26303,51110,4
26304,51111,5
26310,51111,5
26298,51106,5
26303,51109,4
26308,51103,4
26297,51105,5
26300,51115,5
26296,51104,5
26308,51118,4
26306,51111,5
26304,51112,5
26299,51109,5
26308,51111,5
26302,51109,4
26309,51119,5
26313,51110,5
26309,51119,5
26300,51114,5
26312,51123,4
26307,51124,6
26314,51120,4
26311,51127,5
26313,51128,5
26313,51133,4
26316,51126,5
26324,51135,5
26321,51137,5
26325,51133,5
26309,51135,4
26315,51123,5
26319,51133,5
26310,51135,5
26321,51143,4
26322,51136,5
26324,51132,5
26318,51133,5
26318,51133,5
26315,51142,4
26318,51136,5
26311,51139,5
26315,51143,5
26313,51139,5
26314,51145,4
26316,51143,5
26316,51149,6
26322,51138,4
26326,51146,5
26315,51150,4
26321,51140,5
26321,51139,5
26317,51141,5
26321,51140,4
26328,51153,4
26325,51158,5
26327,51155,5
26331,51160,5
26326,51153,4
26333,51160,5
26321,51160,5
26323,51165,5
26329,51164,5
26331,51161,4
26337,51164,5
26326,51172,5
26324,51166,5
26334,51161,5
26330,51164,4
26329,51160,5
26331,51158,5
26331,51161,5
26319,51155,5
26327,51153,4
26323,51154,5
26322,51160,5
26323,51155,5
26328,51155,5
26331,51157,4
26317,51156,5
26328,51152,5
26316,51151,5
26327,51155,4
26329,51154,5
26325,51153,5
26323,51160,5
26325,51161,5
26324,51155,4
26325,51149,5
26326,51150,5
26317,51147,5
26322,51148,5
26320,51136,5
26319,51148,4
26322,51148,5
26324,51140,5
26315,51137,5
26317,51136,4
26321,51144,5
26324,51139,5
26322,51142,5
26316,51138,5
26323,51147,4
26319,51137,5
26324,51142,5
26313,51147,5
26320,51139,4
26326,51140,5
26314,51145,5
26322,51146,5
26320,51146,5
26318,51140,4
26311,51136,5
26317,51140,5
26322,51132,5
26320,51134,5
26314,51142,4
26323,51134,6
26323,51142,4
26324,51141,5
26325,51140,5
26314,51133,4
26314,51131,5
26320,51147,5
26321,51150,5
26324,51143,5
26324,51151,4
26323,51149,5
26328,51138,5
26322,51141,5
26322,51140,4
26317,51148,5
26320,51144,5
26319,51146,5
26317,51146,5
26323,51141,4
26319,51142,5
26314,51150,5
26317,51141,5
26319,51142,5
26325,51143,4
26318,51151,5
26319,51139,5
26322,51134,5
26315,51136,5
26317,51133,4
26316,51149,5
26318,51144,7
26316,51135,3
26316,51143,5
26321,51142,4
26330,51139,5
26313,51142,5
26319,51143,5
26316,51143,4
26319,51146,4
26324,51148,5
26319,51150,5
26329,51149,5
26325,51153,5
26317,51144,4
26321,51144,5
26321,51148,5
26316,51147,6
26322,51148,3
26313,51137,5
26312,51124,5
26308,51130,5
26316,51127,5
26316,51120,4
26313,51114,5
26304,51115,5
26305,51117,5
26303,51115,5
26308,51116,4
26300,51115,5
26303,51121,5
26303,51114,5
26305,51121,4
26301,51118,4
26305,51111,5
26299,51115,5
26309,51114,5
26305,51107,4
26306,51116,6
26309,51115,4
26302,51119,5
26305,51114,5
26303,51112,6
26307,51120,3
26314,51111,5
26304,51115,5
26300,51114,5
26303,51108,4
26302,51109,5
26300,51113,5
26306,51108,5
26313,51118,5
26312,51120,4
26311,51123,5
26312,51119,5
26307,51108,5
26315,51120,5
26307,51110,4
26308,51115,5
26308,51107,5
26299,51116,5
26306,51118,4
26297,51121,5
26307,51114,6
26311,51121,4
26312,51122,5
26308,51117,4
26308,51121,5
26304,51118,5
26314,51116,5
26309,51110,5
26305,51115,4
26305,51109,5
26301,51099,5
26288,51072,5
26291,51061,5
26273,51035,4
26267,51028,5
26262,51017,5
26258,51014,5
26259,50998,5
26259,51010,4
26261,51013,5
26268,51024,5
26263,51030,5
26262,51032,4
26266,51026,4
26267,51030,5
26265,51033,6
26272,51040,4
26270,51035,4
26267,51045,5
26269,51048,5
26279,51052,5
26275,51061,5
26279,51059,4
26283,51058,5
26280,51069,5
26288,51074,5
26288,51072,5
26287,51082,4
26300,51086,5
26297,51082,5
26293,51083,5
26295,51086,5
26291,51082,4
26294,51090,5
26296,51085,5
26295,51080,5
26304,51096,5
26304,51100,4
26307,51102,5
26310,51115,5
26306,51113,6
26313,51117,3
26309,51126,5
26316,51111,5
26307,51111,5
26315,51109,5
26311,51122,4
26307,51112,5
26315,51105,5
26309,51110,5
26305,51120,5
26313,51105,4
26320,51113,5
26314,51116,5
26314,51115,5
26307,51113,5
26312,51111,4
26314,51112,5
26321,51115,5
26321,51119,5
26314,51119,5
26317,51128,5
26324,51130,4
26319,51135,5
26312,51133,5
26331,51137,6
26326,51138,3
26333,51153,5
26324,51148,5
26332,51146,5
26337,51141,4
26337,51152,5
26336,51154,5
26334,51161,5
26339,51158,5
26334,51160,4
26338,51169,5
26335,51167,5
26339,51171,5
26340,51176,5
26343,51174,4
26346,51178,5
26335,51176,5
26337,51177,5
26345,51172,5
26339,51168,4
26340,51173,6
26346,51171,4
26347,51180,5
26347,51175,4
26341,51180,4
26349,51188,5
26344,51187,5
26343,51194,5
26352,51200,4
26354,51201,5
26360,51219,5
26350,51215,5
26366,51214,5
26355,51217,4
26355,51226,5
26364,51226,5
26356,51222,5
26358,51220,5
26365,51226,4
26365,51229,5
26363,51234,5
26380,51235,5
26367,51238,5
26367,51239,4
26376,51234,5
26366,51238,6
26369,51235,4
26369,51227,5
26369,51236,4
26369,51233,5
26362,51232,5
26360,51232,5
26358,51225,4
26367,51226,5
26364,51226,5
26361,51216,5
26364,51220,5
26365,51215,4
26362,51218,5
26369,51233,5
26363,51226,5
26370,51228,5
26371,51226,4
26375,51229,5
26371,51232,5
26370,51236,5
26372,51241,5
26378,51248,4
26367,51242,5
26373,51240,5
26378,51233,6
26376,51228,4
26369,51230,4
26370,51227,5
26362,51220,5
26373,51231,5
26368,51230,4
26375,51235,4
26366,51235,5
26370,51229,5
26376,51234,5
26373,51225,4
26379,51227,5
26372,51240,5
26366,51234,5
26382,51236,5
26376,51247,4
26372,51241,5
26383,51251,5
26374,51246,5
26381,51247,5
26381,51254,5
26387,51258,4
26378,51255,5
26383,51261,5
26381,51259,5
26379,51257,4
26376,51251,5
26385,51250,5
26371,51253,5
26384,51252,4
26374,51241,4
26384,51257,5
26377,51253,5
26380,51263,5
26383,51268,4
26393,51271,5
26389,51277,5
26390,51275,5
26388,51278,5
26393,51275,4
26392,51291,5
26397,51286,5
26402,51294,5
26398,51295,5
26403,51301,4
26404,51313,6
26411,51316,4
26419,51329,5
26420,51341,5
26417,51344,4
26422,51341,5
26429,51361,5
26429,51372,5
26424,51385,5
26445,51392,4
26446,51420,5
26462,51421,5
26461,51421,5
26460,51446,4
26472,51454,5
26479,51472,5
26490,51479,5
26485,51491,5
26496,51500,4
26498,51521,5
26504,51521,5
26504,51518,5
26496,51520,5
26500,51511,4
26501,51519,5
26501,51524,6
26512,51527,4
26513,51535,5
26511,51553,4
26518,51568,5
26528,51572,5
26535,51596,5
26545,51613,5
26548,51615,4
26564,51632,5
26555,51653,5
26561,51656,5
26563,51651,4
26554,51648,4
26556,51652,5
26562,51640,5
26563,51661,5
26561,51652,4
26559,51647,5
26553,51630,5
26558,51626,5
26551,51628,5
26543,51631,4
26549,51612,5
26546,51624,5
26546,51626,5
26551,51625,5
26547,51632,4
26547,51638,5
26558,51638,5
26567,51651,5
26557,51651,5
26561,51657,4
26569,51665,5
26570,51667,5
26577,51673,5
26573,51693,4
26589,51704,4
26587,51702,5
26589,51704,5
26589,51701,5
26591,51713,4
26594,51721,5
26587,51708,5
26589,51705,5
26592,51704,5
26587,51699,5
26585,51694,4
26589,51692,5
26586,51692,5
26583,51697,5
26592,51705,4
26584,51707,5
26595,51710,5
26586,51703,5
26591,51701,5
26585,51689,4
26584,51693,5
26580,51699,5
26588,51688,5
26590,51700,5
26580,51696,4
26590,51703,5
26588,51703,5
26592,51715,5
26591,51711,4
26594,51699,5
26594,51698,5
26597,51701,5
26593,51701,5
26593,51712,4
26600,51719,6
26601,51733,3
26600,51733,5
26606,51743,5
26607,51742,4
26607,51751,5
26609,51765,5
26620,51756,5
26622,51758,5
26617,51753,4
26619,51761,5
26620,51762,5
26619,51781,5
26624,51786,5
26625,51787,4
26629,51792,5
26642,51798,5
26636,51807,5
26650,51820,4
26650,51828,4
26654,51827,5
26654,51838,6
26647,51852,4
26662,51858,4
26669,51869,5
26673,51875,5
26676,51884,5
26687,51910,5
26695,51931,4
26714,51956,5
26715,51976,5
26719,51981,5
26734,51993,5
26736,52004,4
26733,52021,5
26741,52028,5
26745,52042,5
26750,52044,5
26759,52051,4
26763,52057,5
26761,52079,5
26763,52082,5
26774,52102,5
26784,52104,4
26784,52125,5
26793,52134,5
26795,52149,6
26801,52147,3
26799,52166,5
26808,52169,5
26800,52171,5
26801,52176,5
26809,52175,4
26809,52184,5
26823,52200,5
26818,52205,5
26823,52211,5
26833,52212,4
26836,52223,5
26839,52244,5
26846,52263,5
26863,52277,5
26846,52278,4
26857,52278,5
26854,52284,5
26854,52295,5
26863,52296,5
26865,52287,10
26869,52300,4
26878,52320,5
26876,52332,6
26889,52345,3
26897,52358,5
26894,52365,5
26898,52380,5
26906,52389,4
26919,52410,5
26928,52432,5
26939,52447,5
26940,52467,5
26953,52490,4
26972,52519,5
26984,52537,5
26994,52548,5
26987,52557,5
26997,52565,4
26998,52565,5
26992,52561,5
27004,52573,5
27003,52579,5
27011,52594,4
27017,52619,6
27029,52624,4
27028,52628,5
27038,52642,4
27038,52663,4
27040,52667,5
27052,52690,5
27065,52690,5
27073,52712,4
27074,52732,5
27087,52757,5
27092,52765,5
27091,52775,5
27092,52761,4
27092,52770,5
27093,52766,5
27097,52761,5
27089,52774,5
27098,52770,4
27102,52777,5
27097,52768,5
27103,52782,5
27096,52785,5
27109,52799,4
27111,52810,5
27113,52816,6
27124,52830,4
27135,52853,5
27146,52868,4
27150,52891,5
27163,52917,5
27184,52953,5
27184,52963,4
27198,52977,5
27216,52989,5
27217,52998,5
27214,52993,5
27212,53002,4
27210,53010,5
27216,53002,5
27211,52984,5
27204,52960,5
27187,52955,4
27192,52940,5
27178,52944,5
27182,52926,5
27168,52932,5
27175,52931,4
27183,52929,5
27182,52946,5
27183,52943,6
27191,52952,4
27190,52954,4
27193,52951,5
27193,52963,5
27188,52953,5
27192,52954,4
27187,52959,5
27185,52954,5
27188,52964,5
27189,52961,5
27199,52958,4
27191,52957,5
27186,52952,5
27186,52970,5
27194,52963,5
27198,52964,4
27196,52982,5
27194,52989,5
27200,52994,5
27207,53010,5
27207,53023,5
27218,53021,4
27220,53027,5
27228,53039,5
27228,53058,5
27245,53071,4
27245,53081,5
27246,53081,5
27246,53083,5
27248,53091,4
27255,53098,4
27259,53101,5
27260,53116,5
27262,53121,5
27263,53128,4
27272,53134,5
27271,53131,5
27268,53131,5
27277,53149,5
27277,53147,4
27291,53166,5
27290,53192,5
27298,53205,5
27298,53210,5
27312,53233,4
27318,53235,6
27321,53249,4
27333,53273,5
27339,53295,5
27354,53302,4
27363,53335,5
27370,53344,5
27376,53348,5
27374,53359,4
27377,53374,4
27386,53382,5
27389,53386,5
27390,53399,5
27406,53412,4
27408,53411,5
27404,53415,5
27400,53422,5
27396,53415,5
27399,53405,4
27399,53406,5
27388,53399,5
27398,53392,5
27395,53389,5
27396,53398,4
27396,53398,5
27402,53405,6
27411,53417,4
27416,53419,5
27413,53427,4
27420,53447,5
27427,53437,5
27427,53455,5
27426,53454,5
27431,53452,4
27423,53454,5
27427,53458,5
27429,53448,5
27429,53443,4
27421,53438,5
27401,53415,5
27399,53401,5
27401,53390,5
27392,53376,4
27383,53372,5
27372,53350,5
27376,53349,5
27370,53347,5
27365,53338,4
27360,53334,5
27372,53355,5
27375,53351,6
27378,53351,4
27375,53364,4
27373,53358,5
27378,53359,5
27375,53361,5
27382,53365,5
27378,53359,4
27373,53355,5
27371,53352,5
27362,53340,5
27372,53338,4
27376,53340,4
27373,53339,5
27369,53347,5
27376,53341,5
27375,53342,4
27372,53343,5
27376,53343,5
27376,53349,5
27375,53349,5
27368,53351,5
27371,53357,4
27375,53350,5
27373,53354,5
27374,53356,5
27380,53353,4
27371,53339,5
27374,53346,5
27365,53341,5
27370,53344,5
27365,53348,4
27370,53340,5
27376,53344,5
27372,53346,5
27379,53356,4
27378,53355,4
27383,53352,5
27388,53369,5
27383,53369,5
27379,53373,4
27384,53381,5
27395,53381,5
27395,53394,5
27397,53396,5
27394,53401,4
27401,53413,6
27412,53416,4
27403,53425,5
27412,53422,5
27411,53429,4
27418,53434,5
27422,53443,5
27418,53438,5
27427,53448,5
27425,53462,4
27431,53460,5
27426,53478,5
27432,53471,5
27441,53491,5
27439,53484,4
27437,53472,5
27427,53475,5
27434,53460,5
27431,53472,4
27427,53454,5
27424,53454,5
27424,53460,5
27425,53450,5
27422,53450,4
27420,53448,5
27417,53450,6
27424,53445,4
27420,53449,5
27426,53464,4
27435,53464,5
27424,53475,5
27436,53488,5
27437,53497,5
27449,53508,4
27447,53515,5
27459,53513,5
27460,53509,5
27464,53522,5
27464,53522,4
27461,53523,5
27451,53529,5
27456,53523,5
27458,53506,4
27440,53488,4
27437,53483,5
27429,53464,5
27425,53458,5
27419,53449,4
27418,53443,5
27408,53438,5
27415,53431,5
27405,53422,5
27402,53409,4
27397,53406,5
27387,53396,5
27394,53387,5
27393,53387,5
27389,53393,4
27389,53393,5
27387,53394,5
27384,53377,5
27394,53394,5
27391,53388,4
27389,53380,5
27381,53387,5
27375,53393,5
27392,53388,4
27383,53374,5
27379,53374,4
27378,53366,5
27374,53360,5
27374,53362,6
27378,53359,3
27376,53353,5
27379,53369,5
27376,53367,5
27381,53377,4
27380,53381,5
27386,53370,5
27378,53378,5
27376,53373,5
27382,53364,4
27380,53374,5
27387,53371,5
27384,53371,5
27382,53373,5
27383,53376,4
27386,53370,5
27389,53380,5
27386,53389,5
27385,53392,5
27387,53391,4
27390,53395,6
27391,53397,4
27390,53399,5
27389,53396,4
27390,53397,7
27391,53387,3
27385,53394,5
27388,53402,5
27398,53398,4
27395,53399,5
27392,53402,5
27396,53416,5
27406,53421,5
27402,53422,4
27408,53426,5
27405,53431,5
27406,53422,5
27403,53428,5
27407,53428,4
27404,53436,5
27414,53426,5
27409,53440,5
27411,53430,5
27420,53442,4
27419,53446,5
27424,53456,6
27424,53460,4
27426,53459,4
27428,53461,4
27423,53476,5
27431,53474,5
27439,53471,5
27430,53486,4
27441,53484,5
27447,53502,5
27444,53501,5
27445,53490,5
27448,53501,4
27457,53498,5
27444,53495,5
27443,53491,5
27439,53490,5
27442,53496,4
27438,53497,5
27446,53498,5
27447,53491,5
27450,53501,5
27455,53509,4
27456,53513,5
27458,53517,5
27456,53525,6
27458,53540,3
27459,53541,4
27470,53549,5
27474,53557,5
27479,53559,5
27476,53571,4
27468,53564,5
27475,53573,5
27481,53565,5
27470,53567,5
27473,53555,4
27464,53543,5
27458,53526,5
27456,53510,5
27443,53502,5
27433,53491,4
27429,53483,5
27422,53472,5
27424,53466,5
27422,53463,5
27422,53462,5
27416,53446,4
27415,53442,5
27404,53446,5
27410,53448,6
27411,53453,3
27420,53453,5
27415,53456,5
27422,53451,5
27424,53459,4
27417,53460,5
27421,53459,5
27419,53453,5
27420,53459,5
27427,53456,4
27413,53447,5
27415,53456,5
27423,53449,5
27419,53451,5
27413,53441,4
27414,53440,5
27415,53438,5
27409,53438,5
27408,53441,5
27408,53432,4
27403,53437,6
27412,53438,4
27413,53444,5
27405,53440,5
27412,53441,4
27411,53436,5
27411,53452,5
27405,53435,5
27409,53438,4
27410,53429,4
27408,53429,5
27415,53441,5
27411,53445,5
27412,53439,8
27412,53444,1
27410,53446,5
27416,53448,5
27395,53442,5
27411,53447,4
27405,53452,5
27412,53448,5
27417,53452,5
27415,53461,5
27416,53458,4
27420,53465,5
27422,53454,6
27420,53465,4
27415,53455,5
27417,53467,4
27425,53466,5
27426,53464,5
27427,53470,5
27426,53472,4
27426,53472,4
27420,53465,5
27429,53463,5
27421,53473,5
27424,53470,4
27416,53467,5
27419,53471,5
27427,53465,5
27424,53477,5
27429,53464,4
27418,53468,5
27422,53472,5
27428,53474,5
27417,53469,5
27421,53459,4
27423,53461,5
27425,53467,5
27417,53471,6
27422,53469,4
27422,53455,4
27424,53463,5
27426,53462,5
27424,53460,5
27428,53472,5
27425,53474,4
27421,53473,5
27424,53459,5
27427,53454,5
27427,53456,4
27421,53472,5
27414,53461,5
27415,53461,5
27421,53449,5
27409,53450,4
27415,53450,5
27413,53454,5
27407,53455,5
27420,53453,5
27423,53468,5
27426,53475,4
27410,53468,5
27423,53474,5
27427,53473,5
27424,53473,4
27430,53476,5
27426,53469,5
27420,53471,5
27424,53469,5
27420,53465,4
27424,53470,5
27426,53464,5
27420,53456,5
27417,53446,4
27407,53432,4
27411,53423,5
27385,53416,5
27394,53401,5
27390,53394,4
27382,53398,5
27381,53386,5
27391,53394,5
27381,53384,5
27384,53388,4
27389,53393,6
27376,53393,4
27385,53385,5
27379,53385,5
27385,53388,4
27388,53390,5
27383,53390,5
27389,53386,5
27382,53388,5
27386,53386,4
27382,53390,5
27386,53386,5
27390,53394,5
27380,53380,4
27382,53388,4
27375,53382,5
27383,53384,5
27377,53383,5
27382,53380,4
27375,53385,5
27383,53384,5
27373,53381,5
27381,53387,5
27378,53387,4
27382,53379,5
27376,53382,6
27387,53388,4
27386,53390,5
27375,53383,4
27385,53387,5
27386,53391,5
27386,53382,5
27391,53394,5
27392,53400,4
27384,53393,5
27390,53406,5
27385,53397,5
27388,53391,5
27397,53397,4
27392,53401,5
27394,53409,5
27390,53420,5
27390,53408,4
27397,53414,5
27394,53421,5
27401,53414,5
27399,53413,5
27390,53421,4
27398,53417,5
27398,53417,5
27409,53423,5
27404,53427,5
27407,53434,4
27400,53427,5
27405,53433,5
27411,53429,5
27411,53438,5
27400,53437,4
27407,53434,5
27406,53429,5
27401,53434,5
27400,53430,5
27408,53425,4
27406,53432,5
27404,53426,5
27403,53424,5
27409,53434,4
27402,53433,4
27405,53427,5
27408,53434,5
27401,53428,5
27404,53425,5
27404,53423,4
27402,53424,5
27402,53421,5
27400,53427,5
27402,53421,4
27399,53416,5
27411,53425,5
27404,53429,5
27401,53423,5
27400,53417,4
27397,53422,5
27396,53422,5
27391,53414,5
27394,53413,5
27405,53415,4
27387,53415,5
27390,53404,5
27391,53404,5
27394,53413,4
27389,53409,4
27400,53415,5
27395,53422,5
27397,53423,5
27398,53424,4
27412,53431,6
27398,53426,4
27402,53427,5
27402,53429,5
27407,53423,4
27404,53426,5
27403,53429,5
27392,53416,5
27402,53427,5
27396,53408,4
27382,53379,5
27381,53383,5
27373,53376,5
27368,53366,5
27370,53350,4
27366,53344,5
27360,53350,5
27362,53349,5
27356,53346,5
27365,53345,4
27366,53350,5
27366,53345,5
27365,53339,5
27362,53347,4
27362,53345,4
27366,53341,6
27359,53344,3
27363,53339,5
27364,53343,4
27363,53335,5
27361,53340,5
27361,53346,5
27358,53348,5
27360,53350,4
27370,53349,5
27363,53335,5
27355,53336,5
27361,53339,5
27362,53333,4
27352,53341,5
27347,53338,5
27360,53344,5
27362,53347,5
27365,53346,4
27369,53353,5
27363,53350,5
27365,53355,6
27369,53368,3
27365,53352,4
27381,53363,5
27371,53363,5
27366,53364,5
27369,53365,4
27371,53367,5
27375,53372,5
27386,53366,5
27373,53370,5
27372,53374,4
27378,53383,5
27373,53383,5
27383,53376,5
27378,53381,5
27385,53393,4
27392,53399,5
27387,53399,5
27394,53393,5
27389,53405,5
27395,53405,5
27403,53411,4
27399,53414,5
27406,53409,5
27393,53416,6
27402,53420,3
27406,53431,5
27403,53430,5
27400,53438,5
27415,53435,4
27408,53440,5
27409,53440,5
27409,53437,5
27422,53438,5
27413,53453,4
27414,53450,5
27422,53446,5
27422,53452,5
27408,53457,5
27424,53453,4
27423,53465,5
27418,53456,5
27422,53453,5
27411,53460,5
27420,53451,4
27418,53452,6
27418,53447,4
27420,53454,5
27420,53445,5
27413,53461,6
27423,53455,3
27423,53455,5
27428,53476,5
27423,53465,4
27429,53481,5
27436,53488,5
27441,53488,5
27439,53490,5
27442,53495,4
27431,53490,5
27441,53489,5
27438,53488,5
27443,53485,5
27431,53485,4
27435,53489,5
27443,53482,5
27435,53479,5
27425,53469,5
27416,53459,4
27424,53444,5
27409,53445,6
27409,53445,4
27414,53436,5
27405,53433,4
27406,53432,5
27412,53439,5
27415,53433,5
27415,53432,4
27413,53441,4
27403,53442,5
27412,53427,5
27411,53440,5
27412,53438,4
27416,53446,5
27409,53433,5
27403,53434,5
27406,53422,5
27411,53416,4
27400,53412,5
27392,53395,5
27389,53400,5
27380,53391,5
27380,53385,4
27382,53371,5
27386,53374,5
27382,53382,6
27375,53366,4
27387,53380,4
27385,53378,5
27381,53367,5
27374,53375,5
27375,53361,4
27376,53369,4
27372,53364,5
27372,53362,5
27374,53360,5
27375,53365,4
27370,53361,5
27366,53364,5
27371,53359,5
27363,53366,5
27369,53361,4
27365,53350,5
27372,53353,5
27367,53351,5
27367,53359,5
27365,53358,5
27371,53363,4
27365,53359,5
27370,53362,5
27379,53363,6
27367,53370,3
27372,53357,5
27382,53363,5
27371,53363,5
27376,53374,5
27371,53379,4
27374,53368,5
27378,53373,5
27382,53368,5
27381,53361,4
27376,53369,5
27384,53376,5
27385,53366,5
27384,53366,5
27375,53370,4
27380,53374,5
27375,53374,5
27367,53369,5
27370,53369,5
27372,53354,4
27367,53350,6
27369,53348,4
27373,53354,5
27375,53352,5
27374,53359,4
27370,53362,5
27374,53365,5
27373,53366,5
27375,53367,5
27380,53379,4
27385,53380,5
27382,53380,5
27388,53391,5
27389,53395,4
27391,53398,4
27383,53388,5
27392,53389,5
27387,53396,5
27387,53397,4
27385,53392,5
27376,53384,5
27384,53364,5
27381,53362,5
27370,53347,4
27358,53342,5
27365,53339,6
27362,53333,4
27357,53334,5
27353,53337,4
27355,53330,5
27362,53336,5
27361,53334,5
27357,53344,5
27362,53332,4
27363,53330,5
27362,53324,5
27364,53330,5
27353,53332,4
27356,53327,4
27360,53331,5
27358,53333,5
27362,53337,5
27357,53331,4
27366,53335,5
27355,53333,5
27356,53332,5
27354,53329,5
27359,53342,4
27352,53327,5
27357,53331,5
27355,53337,11
27355,53337,3
27354,53329,5
27361,53347,5
27365,53331,5
27356,53337,5
27354,53332,4
27361,53333,5
27357,53336,5
27364,53334,5
27354,53326,5
27368,53344,4
27362,53339,5
27359,53334,5
27358,53329,5
27367,53334,4
27354,53337,5
27365,53344,5
27362,53338,5
27364,53337,5
27364,53342,5
27361,53345,4
27372,53344,5
27362,53352,5
27365,53350,5
27364,53345,4
27364,53352,5
27376,53353,5
27367,53355,5
27377,53353,5
27362,53363,4
27364,53350,5
27366,53353,5
27367,53347,5
27363,53342,5
27361,53347,4
27368,53339,5
27361,53348,5
27365,53342,5
27363,53343,4
27363,53334,4
27366,53333,5
27353,53340,5
27357,53342,5
27364,53345,4
27364,53344,6
27363,53346,4
27366,53347,5
27368,53355,5
27362,53351,4
27364,53352,5
27369,53359,5
27375,53346,5
27373,53345,5
27359,53353,4
27366,53349,5
27369,53343,5
27365,53332,5
27360,53325,5
27351,53302,4
27344,53288,5
27336,53306,5
27338,53285,5
27337,53271,4
27325,53269,4
27330,53273,5
27334,53265,5
27317,53268,5
27325,53261,4
27327,53266,5
27322,53270,6
27330,53269,4
27332,53264,5
27330,53269,4
27328,53260,5
27323,53257,5
27325,53268,5
27327,53260,5
27321,53273,4
27324,53255,5
27319,53264,5
27324,53260,5
27323,53262,5
27325,53260,4
27323,53256,5
27330,53263,5
27319,53267,5
27318,53258,5
27325,53260,4
27319,53266,5
27327,53271,5
27322,53275,5
27326,53269,4
27327,53273,5
27326,53269,5
27327,53271,5
27333,53266,5
27323,53277,4
27323,53277,5
27331,53271,5
27325,53268,5
27328,53282,5
27332,53275,4
27325,53278,5
27326,53272,5
27342,53282,5
27327,53277,5
27325,53277,4
27333,53280,5
27328,53275,5
27330,53274,5
27340,53282,5
27334,53288,4
27334,53290,5
27339,53288,5
27335,53289,5
27337,53294,5
27334,53296,4
27346,53297,5
27336,53303,5
27337,53298,5
27337,53291,4
27342,53307,5
27342,53304,5
27340,53303,5
27345,53301,5
27341,53300,4
27339,53297,5
27340,53297,5
27331,53288,5
27332,53287,5
27329,53292,4
27325,53284,5
27330,53281,5
27330,53280,5
27331,53279,5
27326,53278,4
27324,53281,5
27334,53290,4
27337,53288,5
27332,53296,4
27341,53301,7
27337,53299,3
27352,53301,5
27346,53309,5
27348,53327,4
27351,53321,5
27349,53331,5
27351,53325,5
27348,53331,5
27351,53320,4
27348,53325,5
27345,53313,5
27349,53294,5
27338,53282,5
27325,53275,4
27316,53262,5
27312,53249,5
27313,53246,5
27313,53244,5
27306,53240,4
27311,53240,5
27303,53233,6
27308,53232,4
27303,53233,4
27301,53241,4
27303,53236,5
27305,53241,5
27299,53239,5
27300,53249,4
27301,53241,5
27308,53241,5
27308,53244,5
27314,53239,5
27315,53243,4
27307,53238,5
27309,53230,5
27306,53234,5
27308,53235,5
27305,53238,4
27304,53237,5
27306,53223,5
27306,53231,5
27308,53234,5
27301,53228,4
27299,53225,5
27312,53245,5
27309,53236,6
27307,53238,3
27312,53238,4
27310,53243,5
27301,53236,5
27305,53232,5
27306,53249,4
27311,53248,5
27307,53248,5
27314,53247,5
27312,53247,5
27312,53250,4
27317,53244,5
27313,53260,5
27324,53249,5
27323,53255,5
27312,53262,4
27322,53267,5
27329,53264,5
27325,53268,5
27324,53273,5
27327,53266,5
27323,53273,4
27323,53276,5
27327,53268,5
27324,53276,6
27329,53282,3
27324,53281,5
27328,53277,5
27327,53275,5
27324,53277,4
27330,53279,5
27331,53276,5
27328,53282,5
27335,53294,5
27341,53282,4
27330,53287,5
27329,53281,5
27331,53289,5
27328,53284,5
27333,53278,4
27325,53279,5
27323,53280,5
27323,53272,5
27322,53271,5
27326,53273,4
27325,53263,6
27318,53263,4
27324,53266,5
27313,53267,5
27326,53271,4
27332,53280,5
27331,53278,5
27333,53285,5
27335,53288,4
27335,53295,8
27345,53304,5
27333,53312,5
27330,53310,5
27345,53316,8
27344,53337,5
27352,53316,5
27345,53312,8
27349,53312,5
27346,53311,5
27352,53314,5
27340,53294,8
27322,53265,5
27326,53259,5
27307,53232,8
27307,53232,5
27305,53240,5
27302,53246,8
27302,53236,5
27293,53212,5
27306,53218,5
27307,53231,8
27311,53230,5
27299,53224,5
27295,53223,8
27300,53227,5
27302,53230,5
27304,53226,5
27304,53226,8
27304,53226,5
27291,53187,5
27301,53213,8
27298,53221,5
27303,53226,5
27295,53224,8
27275,53227,5
27290,53217,5
27297,53216,5
27301,53233,8
27302,53232,5
27310,53225,5
27305,53238,8
27305,53238,5
27305,53233,5
27310,53241,5
27312,53241,8
27303,53240,5
27308,53237,5
27311,53244,8
27313,53256,5
27313,53263,5
27314,53244,8
27309,53251,5
27310,53247,5
27319,53259,5
27319,53259,8
27324,53263,5
27321,53268,5
27310,53266,8
27324,53272,5
27322,53275,5
27337,53309,5
27322,53276,8
27325,53243,5
27334,53285,5
27329,53285,8
27329,53285,5
27333,53278,5
27336,53292,5
27328,53275,8
27331,53284,5
27335,53289,5
27345,53298,8
27332,53290,5
27331,53285,5
27330,53269,8
27327,53294,5
27347,53283,5
27334,53280,5
27336,53293,8
27336,53293,5
27339,53279,5
27336,53281,8
27342,53284,5
27334,53289,5
27324,53281,5
27317,53277,8
27328,53279,5
27335,53269,5
27336,53278,8
27316,53271,5
27328,53278,5
27339,53296,8
27339,53296,5
27361,53296,5
27374,53303,5
27348,53314,8
27317,53310,5
27349,53304,5
27343,53316,8
27350,53319,5
27350,53311,5
27338,53306,5
27345,53296,8
27322,53282,5
27323,53264,5
27305,53236,8
27305,53236,5
27265,53233,5
27279,53224,8
27303,53231,5
27304,53221,5
27300,53226,5
27303,53215,8
27295,53216,5
27299,53221,5
27309,53231,8
27301,53220,5
27287,53213,5
27293,53224,5
27304,53219,8
27304,53219,5
27305,53242,5
27303,53239,5
27295,53223,1
27296,53204,4
27300,53214,4
27291,53213,5
27293,53214,5
27295,53209,5
27297,53210,5
27295,53228,5
27301,53213,4
27298,53217,5
27296,53218,5
27301,53224,5
27297,53228,4
27309,53225,5
27301,53233,5
27304,53234,5
27313,53232,5
27306,53229,4
27303,53225,5
27300,53222,5
27306,53228,5
27310,53241,5
27311,53237,4
27304,53240,5
27309,53245,9
27308,53246,1
27309,53262,4
27308,53247,5
27305,53253,5
27315,53251,5
27317,53254,5
27315,53257,4
27320,53256,6
27323,53259,4
27324,53270,5
27334,53266,5
27328,53262,4
27320,53274,5
27318,53275,5
27324,53267,5
27328,53275,5
27330,53276,4
27329,53281,5
27330,53279,5
27321,53278,5
27328,53271,4
27329,53279,4
27325,53277,5
27329,53276,5
27333,53276,5
27328,53279,4
27329,53273,5
27331,53277,5
27331,53266,5
27330,53272,5
27327,53266,4
27326,53279,5
27325,53276,6
27332,53289,4
27335,53283,5
27330,53281,4
27324,53276,5
27330,53287,5
27331,53284,5
27329,53280,5
27331,53280,4
27336,53277,5
27329,53274,5
27333,53280,5
27322,53275,5
27329,53278,4
27329,53276,5
27323,53272,5
27329,53260,5
27325,53263,4
27323,53269,5
27328,53265,5
27336,53271,5
27319,53277,5
27332,53275,4
27335,53278,5
27331,53283,5
27334,53283,5
27336,53287,5
27339,53297,4
27341,53294,5
27338,53298,5
27338,53296,5
27340,53286,5
27335,53286,4
27330,53285,5
27331,53287,5
27323,53284,5
27331,53280,4
27320,53250,4
27318,53258,5
27313,53240,5
27314,53230,5
27304,53230,4
27300,53231,6
27302,53222,4
27296,53228,5
27307,53227,5
27307,53226,6
27302,53225,3
27302,53218,5
27301,53216,5
27297,53221,5
27305,53224,4
27305,53224,5
27304,53217,5
27301,53226,5
27303,53224,5
27298,53220,4
27305,53216,5
27295,53225,5
27304,53224,5
27304,53216,5
27293,53229,4
27302,53210,5
27299,53220,5
27302,53220,5
27309,53218,4
27289,53219,5
27301,53211,6
27297,53212,4
27301,53216,5
27299,53223,4
27303,53221,7
27308,53228,3
27309,53220,5
27303,53227,5
27308,53227,4
27303,53217,5
27303,53225,5
27305,53216,5
27304,53226,5
27307,53223,4
27311,53231,5
27307,53236,5
27308,53236,5
27310,53233,5
27306,53229,4
27309,53225,5
27308,53241,5
27299,53232,5
27309,53239,4
27311,53235,5
27313,53242,5
27314,53247,6
27326,53259,4
27319,53255,4
27321,53264,5
27321,53265,5
27331,53259,5
27328,53265,5
27327,53264,4
27321,53265,5
27329,53263,5
27325,53264,5
27329,53265,5
27326,53266,4
27324,53265,5
27325,53278,5
27334,53273,5
27330,53280,5
27335,53278,4
27335,53282,5
27330,53279,5
27324,53278,5
27334,53286,5
27333,53290,4
27335,53288,5
27338,53291,5
27349,53297,6
27346,53301,3
27344,53298,5
27347,53301,5
27354,53295,5
27339,53289,5
27344,53302,4
27339,53294,5
27344,53292,5
27342,53299,5
27342,53292,5
27332,53289,4
27340,53294,5
27336,53293,5
27340,53297,5
27344,53292,5
27339,53300,4
27344,53302,5
27348,53304,5
27339,53302,5
27355,53314,4
27346,53317,6
27353,53317,4
27358,53330,5
27358,53330,5
27365,53327,6
27362,53328,3
27362,53324,5
27360,53327,5
27361,53331,5
27351,53322,4
27352,53307,5
27352,53289,5
27334,53287,5
27336,53280,5
27334,53272,4
27331,53275,5
27323,53269,5
27322,53268,5
27332,53278,4
27331,53270,4
27336,53268,5
27330,53272,5
27328,53277,5
27326,53274,4
27330,53275,5
27326,53270,6
27326,53271,4
27327,53276,5
27332,53269,4
27330,53267,5
27326,53271,5
27326,53277,5
27331,53279,5
27331,53272,4
27326,53278,5
27332,53268,5
27329,53269,5
27328,53277,5
27326,53273,4
27330,53265,5
27326,53274,5
27324,53272,5
27327,53279,4
27333,53284,4
27330,53287,5
27332,53290,5
27332,53286,5
27335,53288,4
27331,53297,5
27338,53294,5
27338,53284,6
27344,53293,4
27336,53294,4
27344,53297,5
27344,53305,5
27345,53302,5
27341,53310,5
27340,53320,4
27346,53303,5
27345,53310,5
27354,53305,5
27350,53319,5
27351,53323,4
27358,53321,5
27366,53331,5
27359,53325,5
27363,53332,4
27365,53336,4
27364,53342,5
27370,53344,5
27371,53349,5
27367,53351,5
27366,53355,4
27367,53350,5
27378,53353,5
27373,53355,6
27373,53363,3
27373,53356,5
27376,53359,5
27382,53364,5
27375,53371,5
27384,53368,4
27373,53366,5
27380,53361,5
27378,53372,5
27369,53369,5
27376,53359,4
27380,53362,5
27370,53368,5
27378,53358,5
27376,53355,4
27374,53363,4
27370,53352,5
27360,53346,5
27373,53353,5
27371,53350,4
27375,53354,6
27378,53363,4
27373,53375,5
27379,53372,5
27380,53373,4
27389,53387,5
27392,53378,5
27389,53390,5
27390,53395,5
27389,53395,4
27395,53387,5
27394,53391,5
27394,53390,5
27396,53380,5
27385,53386,4
27383,53384,5
27384,53373,5
27372,53361,5
27375,53341,4
27363,53341,4
27361,53340,5
27354,53328,5
27367,53341,5
27361,53340,4
27359,53335,5
27366,53339,6
27361,53344,4
27371,53343,5
27362,53345,4
27360,53349,5
27365,53339,5
27365,53341,5
27370,53338,5
27360,53345,4
27365,53343,5
27373,53348,5
27366,53353,5
27375,53355,5
27364,53349,4
27364,53351,5
27362,53354,5
27368,53342,5
27364,53348,4
27370,53352,4
27364,53349,5
27369,53352,5
27373,53344,5
27377,53353,4
27370,53352,5
27381,53363,5
27378,53363,6
27372,53366,4
27383,53362,4
27376,53364,5
27381,53377,5
27373,53368,5
27385,53372,5
27382,53373,4
27387,53380,5
27379,53369,5
27382,53380,5
27382,53379,5
27380,53385,4
27389,53376,5
27388,53386,5
27382,53385,5
27394,53385,4
27389,53397,4
27397,53405,5
27399,53404,5
27395,53411,5
27393,53411,5
27396,53418,4
27400,53417,5
27412,53423,5
27412,53438,5
27403,53443,4
27406,53438,5
27417,53438,5
27426,53450,5
27420,53444,5
27420,53456,4
27414,53454,5
27428,53458,5
27427,53468,5
27435,53466,5
27421,53468,4
27437,53477,5
27430,53472,5
27427,53472,5
27422,53467,4
27426,53461,4
27426,53455,5
27422,53460,5
27417,53455,5
27427,53465,4
27420,53457,6
27424,53455,4
27423,53469,5
27429,53469,5
27428,53464,4
27434,53475,5
27437,53494,5
27444,53496,5
27444,53498,5
27449,53520,4
27446,53526,5
27453,53528,5
27464,53529,5
27459,53533,5
27456,53538,4
27463,53541,5
27460,53540,5
27467,53538,5
27453,53524,4
27451,53502,4
27448,53512,5
27438,53500,5
27444,53482,5
27439,53490,4
27439,53490,5
27439,53491,6
27442,53500,4
27446,53504,5
27434,53500,4
27443,53507,5
27445,53507,5
27441,53506,5
27449,53513,5
27450,53514,4
27449,53518,5
27450,53515,5
27450,53527,5
27457,53525,5
27453,53531,4
27465,53535,5
27451,53540,5
27461,53544,5
27466,53551,4
27469,53544,4
27463,53551,5
27464,53548,5
27475,53564,5
27473,53560,4
27481,53557,5
27474,53572,5
27472,53580,5
27484,53577,5
27482,53584,4
27481,53597,5
27496,53582,5
27488,53588,7
27492,53592,3
27485,53593,4
27482,53591,5
27485,53594,5
27491,53595,5
27491,53584,5
27485,53577,4
27481,53574,5
27482,53579,5
27473,53579,5
27476,53579,4
27481,53578,5
27469,53563,4
27475,53571,5
27473,53572,5
27470,53564,6
27478,53573,3
27477,53571,5
27483,53569,5
27480,53573,5
27490,53576,4
27488,53581,5
27481,53580,5
27482,53576,5
27480,53577,5
27479,53578,4
27476,53577,5
27476,53568,5
27478,53568,5
27475,53555,5
27463,53557,4
27470,53556,5
27470,53544,5
27465,53548,5
27465,53544,4
27461,53542,4
27460,53547,6
27461,53546,4
27466,53542,5
27469,53543,4
27457,53551,7
27462,53544,3
27463,53542,5
27464,53539,5
27463,53548,4
27459,53538,5
27456,53538,5
27466,53537,5
27458,53535,5
27463,53537,4
27461,53534,5
27454,53527,5
27453,53513,5
27435,53496,5
27437,53482,4
27423,53459,5
27412,53458,5
27416,53444,5
27421,53429,4
27410,53433,4
27404,53429,5
27403,53427,6
27409,53424,4
27405,53418,4
27405,53419,5
27403,53427,5
27397,53431,5
27394,53421,5
27404,53416,4
27406,53416,5
27403,53426,5
27406,53419,5
27409,53417,5
27398,53410,4
27402,53412,5
27408,53418,5
27399,53410,5
27400,53420,5
27400,53418,4
27399,53413,5
27406,53417,5
27407,53414,5
27401,53421,5
27406,53422,4
27410,53426,5
27400,53425,5
27406,53424,6
27402,53421,3
27399,53415,5
27400,53415,5
27407,53413,5
27403,53418,5
27401,53415,4
27398,53407,5
27397,53411,5
27398,53411,5
27401,53409,5
27399,53419,4
27404,53426,5
27402,53419,5
27406,53418,5
27409,53423,5
27406,53419,4
27405,53421,5
27407,53425,5
27399,53420,5
27404,53421,4
27401,53425,5
27400,53431,4
27404,53429,5
27399,53426,5
27409,53426,6
27412,53438,3
27401,53433,5
27412,53423,5
27398,53425,5
27414,53432,4
27411,53437,5
27412,53431,5
27404,53441,5
27412,53441,5
27409,53434,4
27414,53430,5
27406,53424,5
27405,53414,5
27393,53414,5
27398,53405,4
27400,53406,5
27393,53399,5
27397,53403,5
27391,53399,4
27395,53409,4
27400,53404,6
27388,53411,4
27400,53417,5
27397,53403,4
27402,53410,5
27402,53418,5
27405,53420,5
27413,53414,5
27411,53422,4
27409,53428,5
27417,53427,5
27413,53433,5
27410,53438,5
27414,53435,4
27410,53426,5
27404,53431,5
27400,53415,5
27397,53393,5
27382,53382,4
27386,53378,5
27375,53375,5
27365,53359,5
27374,53352,4
27367,53346,4
27367,53346,5
27362,53344,6
27370,53350,4
27362,53345,4
27368,53350,5
27362,53344,5
27366,53348,5
27359,53345,5
27367,53349,4
27366,53346,5
27366,53343,5
27375,53344,5
27366,53349,5
27364,53351,4
27374,53354,5
27372,53354,5
27358,53351,5
27371,53352,5
27367,53340,4
27366,53351,5
27377,53349,5
27371,53354,5
27372,53346,5
27369,53349,4
27371,53344,5
27376,53353,5
27375,53350,6
27374,53362,3
27369,53357,5
27379,53360,5
27377,53368,5
27381,53363,5
27369,53364,4
27380,53373,5
27379,53370,5
27382,53377,5
27378,53369,5
27379,53370,4
27382,53371,5
27384,53386,5
27383,53383,5
27384,53381,5
27396,53392,4
27393,53392,5
27388,53394,5
27397,53400,5
27403,53393,4
27402,53407,5
27398,53404,4
27399,53416,5
27402,53418,5
27401,53422,4
27412,53428,5
27414,53421,5
27412,53425,5
27417,53433,5
27420,53438,4
27412,53438,5
27421,53438,5
27416,53434,5
27424,53444,5
27424,53450,4
27419,53450,5
27424,53448,5
27422,53458,5
27423,53444,5
27422,53444,4
27424,53447,5
27413,53443,5
27413,53431,5
27418,53436,4
27416,53439,4
27421,53441,6
27409,53426,4
